year,month,mei,pdo,mei_lag03,pdo_lag03,mei_lag06,pdo_lag06,mei_lag09,pdo_lag09,mei_lag12,pdo_lag12
2000,1,-1.43,-2.2,,,,,,,,
2000,2,-1.25,-1.28,,,,,,,,
2000,3,-1.26,-0.66,,,,,,,,
2000,4,-1.37,-0.63,-1.43,-2.2,,,,,,
2000,5,-0.9,-0.81,-1.25,-1.28,,,,,,
2000,6,-0.94,-0.64,-1.26,-0.66,,,,,,
2000,7,-1.18,-1.51,-1.37,-0.63,-1.43,-2.2,,,,
2000,8,-0.61,-1.68,-0.9,-0.81,-1.25,-1.28,,,,
2000,9,-0.08,-1.45,-0.94,-0.64,-1.26,-0.66,,,,
2000,10,-0.36,-1.61,-1.18,-1.51,-1.37,-0.63,-1.43,-2.2,,
2000,11,-0.52,-1.04,-0.61,-1.68,-0.9,-0.81,-1.25,-1.28,,
2000,12,-0.86,0.0,-0.08,-1.45,-0.94,-0.64,-1.26,-0.66,,
2001,1,-0.79,0.48,-0.36,-1.61,-1.18,-1.51,-1.37,-0.63,-1.43,-2.2
2001,2,-0.84,-0.01,-0.52,-1.04,-0.61,-1.68,-0.9,-0.81,-1.25,-1.28
2001,3,-0.86,-0.41,-0.86,0.0,-0.08,-1.45,-0.94,-0.64,-1.26,-0.66
2001,4,-0.78,-1.18,-0.79,0.48,-0.36,-1.61,-1.18,-1.51,-1.37,-0.63
2001,5,-0.55,-1.12,-0.84,-0.01,-0.52,-1.04,-0.61,-1.68,-0.9,-0.81
2001,6,-0.52,-1.22,-0.86,-0.41,-0.86,0.0,-0.08,-1.45,-0.94,-0.64
2001,7,-0.73,-2.21,-0.78,-1.18,-0.79,0.48,-0.36,-1.61,-1.18,-1.51
2001,8,0.03,-1.68,-0.55,-1.12,-0.84,-0.01,-0.52,-1.04,-0.61,-1.68
2001,9,0.38,-1.98,-0.52,-1.22,-0.86,-0.41,-0.86,0.0,-0.08,-1.45
2001,10,-0.06,-1.91,-0.73,-2.21,-0.78,-1.18,-0.79,0.48,-0.36,-1.61
2001,11,-0.23,-1.25,0.03,-1.68,-0.55,-1.12,-0.84,-0.01,-0.52,-1.04
2001,12,-0.28,-1.12,0.38,-1.98,-0.52,-1.22,-0.86,-0.41,-0.86,0.0
2002,1,0.06,-0.42,-0.06,-1.91,-0.73,-2.21,-0.78,-1.18,-0.79,0.48
2002,2,0.09,-1.51,-0.23,-1.25,0.03,-1.68,-0.55,-1.12,-0.84,-0.01
2002,3,-0.26,-1.27,-0.28,-1.12,0.38,-1.98,-0.52,-1.22,-0.86,-0.41
2002,4,-0.2,-1.23,0.06,-0.42,-0.06,-1.91,-0.73,-2.21,-0.78,-1.18
2002,5,-0.36,-1.3,0.09,-1.51,-0.23,-1.25,0.03,-1.68,-0.55,-1.12
2002,6,-0.14,-1.18,-0.26,-1.27,-0.28,-1.12,0.38,-1.98,-0.52,-1.22
2002,7,0.34,-0.71,-0.2,-1.23,0.06,-0.42,-0.06,-1.91,-0.73,-2.21
2002,8,0.43,0.11,-0.36,-1.3,0.09,-1.51,-0.23,-1.25,0.03,-1.68
2002,9,1.01,-0.21,-0.14,-1.18,-0.26,-1.27,-0.28,-1.12,0.38,-1.98
2002,10,0.88,-0.2,0.34,-0.71,-0.2,-1.23,0.06,-0.42,-0.06,-1.91
2002,11,0.84,1.08,0.43,0.11,-0.36,-1.3,0.09,-1.51,-0.23,-1.25
2002,12,0.84,1.57,1.01,-0.21,-0.14,-1.18,-0.26,-1.27,-0.28,-1.12
2003,1,0.91,1.45,0.88,-0.2,0.34,-0.71,-0.2,-1.23,0.06,-0.42
2003,2,0.82,1.23,0.84,1.08,0.43,0.11,-0.36,-1.3,0.09,-1.51
2003,3,0.63,1.01,0.84,1.57,1.01,-0.21,-0.14,-1.18,-0.26,-1.27
2003,4,0.53,0.36,0.91,1.45,0.88,-0.2,0.34,-0.71,-0.2,-1.23
2003,5,-0.11,0.21,0.82,1.23,0.84,1.08,0.43,0.11,-0.36,-1.3
2003,6,-0.61,-0.42,0.63,1.01,0.84,1.57,1.01,-0.21,-0.14,-1.18
2003,7,-0.1,0.37,0.53,0.36,0.91,1.45,0.88,-0.2,0.34,-0.71
2003,8,0.01,0.63,-0.11,0.21,0.82,1.23,0.84,1.08,0.43,0.11
2003,9,0.05,-0.17,-0.61,-0.42,0.63,1.01,0.84,1.57,1.01,-0.21
2003,10,0.18,0.74,-0.1,0.37,0.53,0.36,0.91,1.45,0.88,-0.2
2003,11,0.28,-0.23,0.01,0.63,-0.11,0.21,0.82,1.23,0.84,1.08
2003,12,0.3,-0.6,0.05,-0.17,-0.61,-0.42,0.63,1.01,0.84,1.57
2004,1,0.14,-0.55,0.18,0.74,-0.1,0.37,0.53,0.36,0.91,1.45
2004,2,0.19,-0.21,0.28,-0.23,0.01,0.63,-0.11,0.21,0.82,1.23
2004,3,-0.04,-0.15,0.3,-0.6,0.05,-0.17,-0.61,-0.42,0.63,1.01
2004,4,-0.43,-0.0,0.14,-0.55,0.18,0.74,-0.1,0.37,0.53,0.36
2004,5,-0.23,0.61,0.19,-0.21,0.28,-0.23,0.01,0.63,-0.11,0.21
2004,6,-0.46,-0.11,-0.04,-0.15,0.3,-0.6,0.05,-0.17,-0.61,-0.42
2004,7,-0.38,0.04,-0.43,-0.0,0.14,-0.55,0.18,0.74,-0.1,0.37
2004,8,0.46,0.24,-0.23,0.61,0.19,-0.21,0.28,-0.23,0.01,0.63
2004,9,0.76,0.02,-0.46,-0.11,-0.04,-0.15,0.3,-0.6,0.05,-0.17
2004,10,0.58,-0.72,-0.38,0.04,-0.43,-0.0,0.14,-0.55,0.18,0.74
2004,11,0.4,-1.22,0.46,0.24,-0.23,0.61,0.19,-0.21,0.28,-0.23
2004,12,0.56,-0.64,0.76,0.02,-0.46,-0.11,-0.04,-0.15,0.3,-0.6
2005,1,0.48,-0.15,0.58,-0.72,-0.38,0.04,-0.43,-0.0,0.14,-0.55
2005,2,0.09,-0.01,0.4,-1.22,0.46,0.24,-0.23,0.61,0.19,-0.21
2005,3,0.61,0.7,0.56,-0.64,0.76,0.02,-0.46,-0.11,-0.04,-0.15
2005,4,0.83,0.28,0.48,-0.15,0.58,-0.72,-0.38,0.04,-0.43,-0.0
2005,5,0.14,1.36,0.09,-0.01,0.4,-1.22,0.46,0.24,-0.23,0.61
2005,6,0.19,0.85,0.61,0.7,0.56,-0.64,0.76,0.02,-0.46,-0.11
2005,7,0.21,0.11,0.83,0.28,0.48,-0.15,0.58,-0.72,-0.38,0.04
2005,8,-0.0,-0.42,0.14,1.36,0.09,-0.01,0.4,-1.22,0.46,0.24
2005,9,0.02,-0.99,0.19,0.85,0.61,0.7,0.56,-0.64,0.76,0.02
2005,10,-0.02,-2.0,0.21,0.11,0.83,0.28,0.48,-0.15,0.58,-0.72
2005,11,-0.66,-1.89,-0.0,-0.42,0.14,1.36,0.09,-0.01,0.4,-1.22
2005,12,-0.7,-0.1,0.02,-0.99,0.19,0.85,0.61,0.7,0.56,-0.64
2006,1,-0.7,0.54,-0.02,-2.0,0.21,0.11,0.83,0.28,0.48,-0.15
2006,2,-0.64,0.38,-0.66,-1.89,-0.0,-0.42,0.14,1.36,0.09,-0.01
2006,3,-0.49,-0.74,-0.7,-0.1,0.02,-0.99,0.19,0.85,0.61,0.7
2006,4,-0.62,-0.54,-0.7,0.54,-0.02,-2.0,0.21,0.11,0.83,0.28
2006,5,-0.84,-0.37,-0.64,0.38,-0.66,-1.89,-0.0,-0.42,0.14,1.36
2006,6,-0.42,0.21,-0.49,-0.74,-0.7,-0.1,0.02,-0.99,0.19,0.85
2006,7,-0.17,0.39,-0.62,-0.54,-0.7,0.54,-0.02,-2.0,0.21,0.11
2006,8,0.22,-0.85,-0.84,-0.37,-0.64,0.38,-0.66,-1.89,-0.0,-0.42
2006,9,0.59,-1.54,-0.42,0.21,-0.49,-0.74,-0.7,-0.1,0.02,-0.99
2006,10,0.65,-0.46,-0.17,0.39,-0.62,-0.54,-0.7,0.54,-0.02,-2.0
2006,11,0.77,-0.81,0.22,-0.85,-0.84,-0.37,-0.64,0.38,-0.66,-1.89
2006,12,1.0,-0.42,0.59,-1.54,-0.42,0.21,-0.49,-0.74,-0.7,-0.1
2007,1,0.64,-0.69,0.65,-0.46,-0.17,0.39,-0.62,-0.54,-0.7,0.54
2007,2,0.64,-0.71,0.77,-0.81,0.22,-0.85,-0.84,-0.37,-0.64,0.38
2007,3,0.4,-1.1,1.0,-0.42,0.59,-1.54,-0.42,0.21,-0.49,-0.74
2007,4,-0.19,-0.46,0.64,-0.69,0.65,-0.46,-0.17,0.39,-0.62,-0.54
2007,5,-0.32,-0.29,0.64,-0.71,0.77,-0.81,0.22,-0.85,-0.84,-0.37
2007,6,-0.41,-0.07,0.4,-1.1,1.0,-0.42,0.59,-1.54,-0.42,0.21
2007,7,-0.83,0.43,-0.19,-0.46,0.64,-0.69,0.65,-0.46,-0.17,0.39
2007,8,-0.76,0.09,-0.32,-0.29,0.64,-0.71,0.77,-0.81,0.22,-0.85
2007,9,-0.91,-0.97,-0.41,-0.07,0.4,-1.1,1.0,-0.42,0.59,-1.54
2007,10,-1.06,-2.33,-0.83,0.43,-0.19,-0.46,0.64,-0.69,0.65,-0.46
2007,11,-1.13,-1.46,-0.76,0.09,-0.32,-0.29,0.64,-0.71,0.77,-0.81
2007,12,-1.12,-0.87,-0.91,-0.97,-0.41,-0.07,0.4,-1.1,1.0,-0.42
2008,1,-1.19,-1.5,-1.06,-2.33,-0.83,0.43,-0.19,-0.46,0.64,-0.69
2008,2,-1.07,-1.46,-1.13,-1.46,-0.76,0.09,-0.32,-0.29,0.64,-0.71
2008,3,-1.27,-1.26,-1.12,-0.87,-0.91,-0.97,-0.41,-0.07,0.4,-1.1
2008,4,-1.52,-1.79,-1.19,-1.5,-1.06,-2.33,-0.83,0.43,-0.19,-0.46
2008,5,-1.1,-1.62,-1.07,-1.46,-1.13,-1.46,-0.76,0.09,-0.32,-0.29
2008,6,-0.99,-1.85,-1.27,-1.26,-1.12,-0.87,-0.91,-0.97,-0.41,-0.07
2008,7,-0.79,-1.96,-1.52,-1.79,-1.19,-1.5,-1.06,-2.33,-0.83,0.43
2008,8,-0.78,-1.85,-1.1,-1.62,-1.07,-1.46,-1.13,-1.46,-0.76,0.09
2008,9,-1.01,-1.87,-0.99,-1.85,-1.27,-1.26,-1.12,-0.87,-0.91,-0.97
2008,10,-1.02,-1.9,-0.79,-1.96,-1.52,-1.79,-1.19,-1.5,-1.06,-2.33
2008,11,-1.09,-1.59,-0.78,-1.85,-1.1,-1.62,-1.07,-1.46,-1.13,-1.46
2008,12,-0.98,-1.31,-1.01,-1.87,-0.99,-1.85,-1.27,-1.26,-1.12,-0.87
2009,1,-1.01,-1.81,-1.02,-1.9,-0.79,-1.96,-1.52,-1.79,-1.19,-1.5
2009,2,-1.01,-1.78,-1.09,-1.59,-0.78,-1.85,-1.1,-1.62,-1.07,-1.46
2009,3,-0.85,-2.06,-0.98,-1.31,-1.01,-1.87,-0.99,-1.85,-1.27,-1.26
2009,4,-0.95,-2.23,-1.01,-1.81,-1.02,-1.9,-0.79,-1.96,-1.52,-1.79
2009,5,-0.81,-1.32,-1.01,-1.78,-1.09,-1.59,-0.78,-1.85,-1.1,-1.62
2009,6,-0.72,-0.73,-0.85,-2.06,-0.98,-1.31,-1.01,-1.87,-0.99,-1.85
2009,7,-0.05,-0.71,-0.95,-2.23,-1.01,-1.81,-1.02,-1.9,-0.79,-1.96
2009,8,0.56,-0.49,-0.81,-1.32,-1.01,-1.78,-1.09,-1.59,-0.78,-1.85
2009,9,0.56,0.33,-0.72,-0.73,-0.85,-2.06,-0.98,-1.31,-1.01,-1.87
2009,10,0.42,-0.13,-0.05,-0.71,-0.95,-2.23,-1.01,-1.81,-1.02,-1.9
2009,11,0.56,-0.94,0.56,-0.49,-0.81,-1.32,-1.01,-1.78,-1.09,-1.59
2009,12,1.04,-0.51,0.56,0.33,-0.72,-0.73,-0.85,-2.06,-0.98,-1.31
2010,1,0.95,0.05,0.42,-0.13,-0.05,-0.71,-0.95,-2.23,-1.01,-1.81
2010,2,0.93,0.25,0.56,-0.94,0.56,-0.49,-0.81,-1.32,-1.01,-1.78
2010,3,1.28,-0.16,1.04,-0.51,0.56,0.33,-0.72,-0.73,-0.85,-2.06
2010,4,1.33,-0.04,0.95,0.05,0.42,-0.13,-0.05,-0.71,-0.95,-2.23
2010,5,0.49,-0.18,0.93,0.25,0.56,-0.94,0.56,-0.49,-0.81,-1.32
2010,6,-0.12,-0.79,1.28,-0.16,1.04,-0.51,0.56,0.33,-0.72,-0.73
2010,7,-1.29,-1.99,1.33,-0.04,0.95,0.05,0.42,-0.13,-0.05,-0.71
2010,8,-2.42,-2.21,0.49,-0.18,0.93,0.25,0.56,-0.94,0.56,-0.49
2010,9,-2.38,-2.45,-0.12,-0.79,1.28,-0.16,1.04,-0.51,0.56,0.33
2010,10,-2.26,-1.6,-1.29,-1.99,1.33,-0.04,0.95,0.05,0.42,-0.13
2010,11,-2.16,-1.57,-2.42,-2.21,0.49,-0.18,0.93,0.25,0.56,-0.94
2010,12,-2.01,-2.04,-2.38,-2.45,-0.12,-0.79,1.28,-0.16,1.04,-0.51
2011,1,-1.85,-1.8,-2.26,-1.6,-1.29,-1.99,1.33,-0.04,0.95,0.05
2011,2,-1.77,-1.46,-2.16,-1.57,-2.42,-2.21,0.49,-0.18,0.93,0.25
2011,3,-1.59,-1.28,-2.01,-2.04,-2.38,-2.45,-0.12,-0.79,1.28,-0.16
2011,4,-1.75,-1.02,-1.85,-1.8,-2.26,-1.6,-1.29,-1.99,1.33,-0.04
2011,5,-1.69,-0.66,-1.77,-1.46,-2.16,-1.57,-2.42,-2.21,0.49,-0.18
2011,6,-1.24,-1.08,-1.59,-1.28,-2.01,-2.04,-2.38,-2.45,-0.12,-0.79
2011,7,-1.03,-2.3,-1.75,-1.02,-1.85,-1.8,-2.26,-1.6,-1.29,-1.99
2011,8,-0.75,-2.37,-1.69,-0.66,-1.77,-1.46,-2.16,-1.57,-2.42,-2.21
2011,9,-0.81,-2.5,-1.24,-1.08,-1.59,-1.28,-2.01,-2.04,-2.38,-2.45
2011,10,-1.08,-1.92,-1.03,-2.3,-1.75,-1.02,-1.85,-1.8,-2.26,-1.6
2011,11,-1.3,-2.95,-0.75,-2.37,-1.69,-0.66,-1.77,-1.46,-2.16,-1.57
2011,12,-1.14,-2.4,-0.81,-2.5,-1.24,-1.08,-1.59,-1.28,-2.01,-2.04
2012,1,-1.18,-1.85,-1.08,-1.92,-1.03,-2.3,-1.75,-1.02,-1.85,-1.8
2012,2,-1.07,-1.35,-1.3,-2.95,-0.75,-2.37,-1.69,-0.66,-1.77,-1.46
2012,3,-0.68,-1.66,-1.14,-2.4,-0.81,-2.5,-1.24,-1.08,-1.59,-1.28
2012,4,-0.59,-1.01,-1.18,-1.85,-1.08,-1.92,-1.03,-2.3,-1.75,-1.02
2012,5,-0.38,-2.12,-1.07,-1.35,-1.3,-2.95,-0.75,-2.37,-1.69,-0.66
2012,6,-0.32,-1.63,-0.68,-1.66,-1.14,-2.4,-0.81,-2.5,-1.24,-1.08
2012,7,-0.28,-2.4,-0.59,-1.01,-1.18,-1.85,-1.08,-1.92,-1.03,-2.3
2012,8,0.34,-2.6,-0.38,-2.12,-1.07,-1.35,-1.3,-2.95,-0.75,-2.37
2012,9,-0.02,-2.99,-0.32,-1.63,-0.68,-1.66,-1.14,-2.4,-0.81,-2.5
2012,10,-0.29,-1.22,-0.28,-2.4,-0.59,-1.01,-1.18,-1.85,-1.08,-1.92
2012,11,-0.19,-0.66,0.34,-2.6,-0.38,-2.12,-1.07,-1.35,-1.3,-2.95
2012,12,-0.03,-1.31,-0.02,-2.99,-0.32,-1.63,-0.68,-1.66,-1.14,-2.4
2013,1,-0.03,-1.1,-0.29,-1.22,-0.28,-2.4,-0.59,-1.01,-1.18,-1.85
2013,2,-0.06,-1.42,-0.19,-0.66,0.34,-2.6,-0.38,-2.12,-1.07,-1.35
2013,3,-0.08,-1.48,-0.03,-1.31,-0.02,-2.99,-0.32,-1.63,-0.68,-1.66
2013,4,-0.13,-0.72,-0.03,-1.1,-0.29,-1.22,-0.28,-2.4,-0.59,-1.01
2013,5,-0.35,-0.4,-0.06,-1.42,-0.19,-0.66,0.34,-2.6,-0.38,-2.12
2013,6,-0.68,-1.19,-0.08,-1.48,-0.03,-1.31,-0.02,-2.99,-0.32,-1.63
2013,7,-1.14,-1.34,-0.13,-0.72,-0.03,-1.1,-0.29,-1.22,-0.28,-2.4
2013,8,-0.79,-1.56,-0.35,-0.4,-0.06,-1.42,-0.19,-0.66,0.34,-2.6
2013,9,-0.45,-1.0,-0.68,-1.19,-0.08,-1.48,-0.03,-1.31,-0.02,-2.99
2013,10,-0.33,-1.65,-1.14,-1.34,-0.13,-0.72,-0.03,-1.1,-0.29,-1.22
2013,11,-0.13,-1.09,-0.79,-1.56,-0.35,-0.4,-0.06,-1.42,-0.19,-0.66
2013,12,-0.16,-1.04,-0.45,-1.0,-0.68,-1.19,-0.08,-1.48,-0.03,-1.31
2014,1,-0.33,-0.57,-0.33,-1.65,-1.14,-1.34,-0.13,-0.72,-0.03,-1.1
2014,2,-0.5,-0.42,-0.13,-1.09,-0.79,-1.56,-0.35,-0.4,-0.06,-1.42
2014,3,-0.42,0.3,-0.16,-1.04,-0.45,-1.0,-0.68,-1.19,-0.08,-1.48
2014,4,-0.05,0.36,-0.33,-0.57,-0.33,-1.65,-1.14,-1.34,-0.13,-0.72
2014,5,-0.17,1.27,-0.5,-0.42,-0.13,-1.09,-0.79,-1.56,-0.35,-0.4
2014,6,-0.17,-0.28,-0.42,0.3,-0.16,-1.04,-0.45,-1.0,-0.68,-1.19
2014,7,0.0,0.25,-0.05,0.36,-0.33,-0.57,-0.33,-1.65,-1.14,-1.34
2014,8,0.41,0.34,-0.17,1.27,-0.5,-0.42,-0.13,-1.09,-0.79,-1.56
2014,9,0.23,0.76,-0.17,-0.28,-0.42,0.3,-0.16,-1.04,-0.45,-1.0
2014,10,-0.1,1.43,0.0,0.25,-0.05,0.36,-0.33,-0.57,-0.33,-1.65
2014,11,0.11,1.35,0.41,0.34,-0.17,1.27,-0.5,-0.42,-0.13,-1.09
2014,12,0.37,1.86,0.23,0.76,-0.17,-0.28,-0.42,0.3,-0.16,-1.04
2015,1,0.35,1.51,-0.1,1.43,0.0,0.25,-0.05,0.36,-0.33,-0.57
2015,2,0.23,1.52,0.11,1.35,0.41,0.34,-0.17,1.27,-0.5,-0.42
2015,3,0.06,1.33,0.37,1.86,0.23,0.76,-0.17,-0.28,-0.42,0.3
2015,4,0.15,0.9,0.35,1.51,-0.1,1.43,0.0,0.25,-0.05,0.36
2015,5,0.31,0.32,0.23,1.52,0.11,1.35,0.41,0.34,-0.17,1.27
2015,6,0.95,0.82,0.06,1.33,0.37,1.86,0.23,0.76,-0.17,-0.28
2015,7,1.9,1.41,0.15,0.9,0.35,1.51,-0.1,1.43,0.0,0.25
2015,8,1.79,0.98,0.31,0.32,0.23,1.52,0.11,1.35,0.41,0.34
2015,9,1.95,0.97,0.95,0.82,0.06,1.33,0.37,1.86,0.23,0.76
2015,10,2.24,0.84,1.9,1.41,0.15,0.9,0.35,1.51,-0.1,1.43
2015,11,2.15,0.17,1.79,0.98,0.31,0.32,0.23,1.52,0.11,1.35
2015,12,1.93,0.29,1.95,0.97,0.95,0.82,0.06,1.33,0.37,1.86
2016,1,1.93,0.75,2.24,0.84,1.9,1.41,0.15,0.9,0.35,1.51
2016,2,1.93,1.29,2.15,0.17,1.79,0.98,0.31,0.32,0.23,1.52
2016,3,1.8,1.56,1.93,0.29,1.95,0.97,0.95,0.82,0.06,1.33
2016,4,1.32,1.74,1.93,0.75,2.24,0.84,1.9,1.41,0.15,0.9
2016,5,1.32,1.6,1.93,1.29,2.15,0.17,1.79,0.98,0.31,0.32
2016,6,1.24,0.87,1.8,1.56,1.93,0.29,1.95,0.97,0.95,0.82
2016,7,0.35,0.57,1.32,1.74,1.93,0.75,2.24,0.84,1.9,1.41
2016,8,-0.54,-0.63,1.32,1.6,1.93,1.29,2.15,0.17,1.79,0.98
2016,9,-0.26,-0.8,1.24,0.87,1.8,1.56,1.93,0.29,1.95,0.97
2016,10,-0.29,-0.43,0.35,0.57,1.32,1.74,1.93,0.75,2.24,0.84
2016,11,-0.53,0.96,-0.54,-0.63,1.32,1.6,1.93,1.29,2.15,0.17
2016,12,-0.47,0.61,-0.26,-0.8,1.24,0.87,1.8,1.56,1.93,0.29
2017,1,-0.37,-0.06,-0.29,-0.43,0.35,0.57,1.32,1.74,1.93,0.75
2017,2,-0.42,-0.02,-0.53,0.96,-0.54,-0.63,1.32,1.6,1.93,1.29
2017,3,-0.41,0.1,-0.47,0.61,-0.26,-0.8,1.24,0.87,1.8,1.56
2017,4,-0.58,0.56,-0.37,-0.06,-0.29,-0.43,0.35,0.57,1.32,1.74
2017,5,-0.19,0.45,-0.42,-0.02,-0.53,0.96,-0.54,-0.63,1.32,1.6
2017,6,0.2,0.33,-0.41,0.1,-0.47,0.61,-0.26,-0.8,1.24,0.87
2017,7,-0.23,-0.45,-0.58,0.56,-0.37,-0.06,-0.29,-0.43,0.35,0.57
2017,8,-0.63,-0.63,-0.19,0.45,-0.42,-0.02,-0.53,0.96,-0.54,-0.63
2017,9,-0.72,-0.2,0.2,0.33,-0.41,0.1,-0.47,0.61,-0.26,-0.8
2017,10,-0.73,-0.68,-0.23,-0.45,-0.58,0.56,-0.37,-0.06,-0.29,-0.43
2017,11,-0.59,-0.6,-0.63,-0.63,-0.19,0.45,-0.42,-0.02,-0.53,0.96
2017,12,-0.62,-0.03,-0.72,-0.2,0.2,0.33,-0.41,0.1,-0.47,0.61
2018,1,-0.74,0.38,-0.73,-0.68,-0.23,-0.45,-0.58,0.56,-0.37,-0.06
2018,2,-0.79,-0.09,-0.59,-0.6,-0.63,-0.63,-0.19,0.45,-0.42,-0.02
2018,3,-0.71,-0.72,-0.62,-0.03,-0.72,-0.2,0.2,0.33,-0.41,0.1
2018,4,-0.8,-0.82,-0.74,0.38,-0.73,-0.68,-0.23,-0.45,-0.58,0.56
2018,5,-1.32,-0.47,-0.79,-0.09,-0.59,-0.6,-0.63,-0.63,-0.19,0.45
2018,6,-0.94,-0.66,-0.71,-0.72,-0.62,-0.03,-0.72,-0.2,0.2,0.33
2018,7,-0.51,-0.03,-0.8,-0.82,-0.74,0.38,-0.73,-0.68,-0.23,-0.45
2018,8,-0.05,-0.24,-1.32,-0.47,-0.79,-0.09,-0.59,-0.6,-0.63,-0.63
2018,9,0.47,-0.35,-0.94,-0.66,-0.71,-0.72,-0.62,-0.03,-0.72,-0.2
2018,10,0.62,-0.57,-0.51,-0.03,-0.8,-0.82,-0.74,0.38,-0.73,-0.68
2018,11,0.52,-0.7,-0.05,-0.24,-1.32,-0.47,-0.79,-0.09,-0.59,-0.6
2018,12,0.33,-0.21,0.47,-0.35,-0.94,-0.66,-0.71,-0.72,-0.62,-0.03
2019,1,0.18,-0.34,0.62,-0.57,-0.51,-0.03,-0.8,-0.82,-0.74,0.38
2019,2,0.09,-0.72,0.52,-0.7,-0.05,-0.24,-1.32,-0.47,-0.79,-0.09
2019,3,0.5,-0.4,0.33,-0.21,0.47,-0.35,-0.94,-0.66,-0.71,-0.72
2019,4,0.76,0.09,0.18,-0.34,0.62,-0.57,-0.51,-0.03,-0.8,-0.82
2019,5,0.3,0.26,0.09,-0.72,0.52,-0.7,-0.05,-0.24,-1.32,-0.47
2019,6,0.23,-0.06,0.5,-0.4,0.33,-0.21,0.47,-0.35,-0.94,-0.66
2019,7,0.35,0.52,0.76,0.09,0.18,-0.34,0.62,-0.57,-0.51,-0.03
2019,8,0.3,-0.0,0.3,0.26,0.09,-0.72,0.52,-0.7,-0.05,-0.24
2019,9,0.32,0.13,0.23,-0.06,0.5,-0.4,0.33,-0.21,0.47,-0.35
2019,10,0.16,-0.9,0.35,0.52,0.76,0.09,0.18,-0.34,0.62,-0.57
2019,11,0.31,-0.51,0.3,-0.0,0.3,0.26,0.09,-0.72,0.52,-0.7
2019,12,0.47,-0.0,0.32,0.13,0.23,-0.06,0.5,-0.4,0.33,-0.21
2020,1,0.36,-1.41,0.16,-0.9,0.35,0.52,0.76,0.09,0.18,-0.34
2020,2,0.24,-1.48,0.31,-0.51,0.3,-0.0,0.3,0.26,0.09,-0.72
2020,3,0.26,-1.75,0.47,-0.0,0.32,0.13,0.23,-0.06,0.5,-0.4
2020,4,0.13,-1.32,0.36,-1.41,0.16,-0.9,0.35,0.52,0.76,0.09
2020,5,-0.15,-0.52,0.24,-1.48,0.31,-0.51,0.3,-0.0,0.3,0.26
2020,6,-0.23,-0.75,0.26,-1.75,0.47,-0.0,0.32,0.13,0.23,-0.06
2020,7,-0.68,-0.92,0.13,-1.32,0.36,-1.41,0.16,-0.9,0.35,0.52
2020,8,-0.94,-1.33,-0.15,-0.52,0.24,-1.48,0.31,-0.51,0.3,-0.0
2020,9,-0.96,-1.04,-0.23,-0.75,0.26,-1.75,0.47,-0.0,0.32,0.13
2020,10,-1.15,-0.62,-0.68,-0.92,0.13,-1.32,0.36,-1.41,0.16,-0.9
2020,11,-1.17,-1.58,-0.94,-1.33,-0.15,-0.52,0.24,-1.48,0.31,-0.51
2020,12,-1.13,-0.98,-0.96,-1.04,-0.23,-0.75,0.26,-1.75,0.47,-0.0
2021,1,-1.14,-0.61,-1.15,-0.62,-0.68,-0.92,0.13,-1.32,0.36,-1.41
2021,2,-1.2,-1.09,-1.17,-1.58,-0.94,-1.33,-0.15,-0.52,0.24,-1.48
2021,3,-0.96,-1.67,-1.13,-0.98,-0.96,-1.04,-0.23,-0.75,0.26,-1.75
2021,4,-0.79,-1.84,-1.14,-0.61,-1.15,-0.62,-0.68,-0.92,0.13,-1.32
2021,5,-0.95,-2.04,-1.2,-1.09,-1.17,-1.58,-0.94,-1.33,-0.15,-0.52
2021,6,-1.07,-1.82,-0.96,-1.67,-1.13,-0.98,-0.96,-1.04,-0.23,-0.75
2021,7,-1.05,-2.0,-0.79,-1.84,-1.14,-0.61,-1.15,-0.62,-0.68,-0.92
2021,8,-1.44,-0.95,-0.95,-2.04,-1.2,-1.09,-1.17,-1.58,-0.94,-1.33
2021,9,-1.29,-1.96,-1.07,-1.82,-0.96,-1.67,-1.13,-0.98,-0.96,-1.04
2021,10,-1.37,-3.14,-1.05,-2.0,-0.79,-1.84,-1.14,-0.61,-1.15,-0.62
2021,11,-1.46,-2.75,-1.44,-0.95,-0.95,-2.04,-1.2,-1.09,-1.17,-1.58
2021,12,-1.39,-2.71,-1.29,-1.96,-1.07,-1.82,-0.96,-1.67,-1.13,-0.98
2022,1,-1.2,-2.4,-1.37,-3.14,-1.05,-2.0,-0.79,-1.84,-1.14,-0.61
2022,2,-1.01,-1.91,-1.46,-2.75,-1.44,-0.95,-0.95,-2.04,-1.2,-1.09
2022,3,-0.98,-1.67,-1.39,-2.71,-1.29,-1.96,-1.07,-1.82,-0.96,-1.67
2022,4,-1.31,-2.09,-1.2,-2.4,-1.37,-3.14,-1.05,-2.0,-0.79,-1.84
2022,5,-1.6,-2.23,-1.01,-1.91,-1.46,-2.75,-1.44,-0.95,-0.95,-2.04
2022,6,-1.63,-1.31,-0.98,-1.67,-1.39,-2.71,-1.29,-1.96,-1.07,-1.82
2022,7,-1.9,-2.63,-1.31,-2.09,-1.2,-2.4,-1.37,-3.14,-1.05,-2.0
2022,8,-2.17,-2.38,-1.6,-2.23,-1.01,-1.91,-1.46,-2.75,-1.44,-0.95
2022,9,-1.75,-2.28,-1.63,-1.31,-0.98,-1.67,-1.39,-2.71,-1.29,-1.96
2022,10,-1.73,-1.81,-1.9,-2.63,-1.31,-2.09,-1.2,-2.4,-1.37,-3.14
2022,11,-1.72,-2.4,-2.17,-2.38,-1.6,-2.23,-1.01,-1.91,-1.46,-2.75
2022,12,-1.53,-2.21,-1.75,-2.28,-1.63,-1.31,-0.98,-1.67,-1.39,-2.71
2023,1,-1.27,-1.24,-1.73,-1.81,-1.9,-2.63,-1.31,-2.09,-1.2,-2.4
2023,2,-1.11,-1.65,-1.72,-2.4,-2.17,-2.38,-1.6,-2.23,-1.01,-1.91
2023,3,-0.91,-2.45,-1.53,-2.21,-1.75,-2.28,-1.63,-1.31,-0.98,-1.67
2023,4,-0.76,-3.08,-1.27,-1.24,-1.73,-1.81,-1.9,-2.63,-1.31,-2.09
2023,5,-0.36,-2.41,-1.11,-1.65,-1.72,-2.4,-2.17,-2.38,-1.6,-2.23
2023,6,-0.06,-2.55,-0.91,-2.45,-1.53,-2.21,-1.75,-2.28,-1.63,-1.31
2023,7,0.43,-2.54,-0.76,-3.08,-1.27,-1.24,-1.73,-1.81,-1.9,-2.63
2023,8,0.51,-2.48,-0.36,-2.41,-1.11,-1.65,-1.72,-2.4,-2.17,-2.38
2023,9,0.51,-2.99,-0.06,-2.55,-0.91,-2.45,-1.53,-2.21,-1.75,-2.28
2023,10,0.69,-2.23,0.43,-2.54,-0.76,-3.08,-1.27,-1.24,-1.73,-1.81
2023,11,0.48,-1.79,0.51,-2.48,-0.36,-2.41,-1.11,-1.65,-1.72,-2.4
2023,12,0.91,-1.66,0.51,-2.99,-0.06,-2.55,-0.91,-2.45,-1.53,-2.21
2024,1,1.13,-1.57,0.69,-2.23,0.43,-2.54,-0.76,-3.08,-1.27,-1.24
2024,2,0.7,-1.34,0.48,-1.79,0.51,-2.48,-0.36,-2.41,-1.11,-1.65
2024,3,0.68,-1.54,0.91,-1.66,0.51,-2.99,-0.06,-2.55,-0.91,-2.45
2024,4,0.78,-2.11,1.13,-1.57,0.69,-2.23,0.43,-2.54,-0.76,-3.08
2024,5,0.34,-2.98,0.7,-1.34,0.48,-1.79,0.51,-2.48,-0.36,-2.41
2024,6,0.12,-3.15,0.68,-1.54,0.91,-1.66,0.51,-2.99,-0.06,-2.55
2024,7,-0.24,-3.01,0.78,-2.11,1.13,-1.57,0.69,-2.23,0.43,-2.54
2024,8,-0.72,-2.91,0.34,-2.98,0.7,-1.34,0.48,-1.79,0.51,-2.48
2024,9,-0.73,-3.56,0.12,-3.15,0.68,-1.54,0.91,-1.66,0.51,-2.99
2024,10,-0.65,-3.8,-0.24,-3.01,0.78,-2.11,1.13,-1.57,0.69,-2.23
2024,11,-0.51,-3.13,-0.72,-2.91,0.34,-2.98,0.7,-1.34,0.48,-1.79
2024,12,-0.68,-2.03,-0.73,-3.56,0.12,-3.15,0.68,-1.54,0.91,-1.66
