index,y_true,y_pred_oof
0,1,0.7708078026771545
1,1,0.8376473188400269
2,1,0.5589392781257629
3,1,0.2922559380531311
4,1,0.14121825993061066
5,1,0.5336790680885315
6,1,0.6099675297737122
7,1,0.9531217217445374
8,1,0.9360285997390747
9,1,0.643624484539032
10,1,0.6020419001579285
11,1,0.39607498049736023
12,1,0.9590824842453003
13,1,0.8812738656997681
14,1,0.8402329683303833
15,1,0.8876127600669861
16,1,0.9630687236785889
17,1,0.7532352209091187
18,1,0.6803703308105469
19,1,0.3519643247127533
20,1,0.5626395344734192
21,1,0.9511745572090149
22,1,0.822706401348114
23,1,0.7321102619171143
24,1,0.8701322078704834
25,1,0.5194879174232483
26,1,0.7715986371040344
27,1,0.956693708896637
28,1,0.7383049726486206
29,1,0.9968029260635376
30,1,0.9041727185249329
31,1,0.5339703559875488
32,1,0.8893248438835144
33,1,0.827587902545929
34,1,0.9519080519676208
35,1,0.911307692527771
36,1,0.7170237302780151
37,1,0.9551840424537659
38,1,0.9272714853286743
39,1,0.6642260551452637
40,1,0.9209904670715332
41,1,0.6502315998077393
42,1,0.5770856142044067
43,1,0.47139373421669006
44,1,0.3901229500770569
45,1,0.7726131081581116
46,1,0.6743716597557068
47,1,0.7785502672195435
48,1,0.6501031517982483
49,1,0.9541976451873779
50,1,0.9282976388931274
51,1,0.47223666310310364
52,1,0.7232269048690796
53,1,0.6452810168266296
54,1,0.686269223690033
55,1,0.7495753169059753
56,1,0.8661671280860901
57,1,0.553650975227356
58,1,0.4087052345275879
59,1,0.987911581993103
60,1,0.904244065284729
61,1,0.9307017922401428
62,1,0.6505001783370972
63,1,0.9522672891616821
64,1,0.34520286321640015
65,1,0.7447255253791809
66,1,0.04415679723024368
67,1,0.7790099382400513
68,1,0.8972492814064026
69,1,0.6306214332580566
70,1,0.9196082949638367
71,1,0.9720650315284729
72,1,0.9642944931983948
73,1,0.9941283464431763
74,1,0.948566198348999
75,1,0.7574673891067505
76,1,0.6354513168334961
77,1,0.9783111214637756
78,1,0.6124812364578247
79,1,0.5054631233215332
80,1,0.7663469314575195
81,1,0.9624261260032654
82,1,0.4353776276111603
83,1,0.9800255298614502
84,1,0.9651197791099548
85,1,0.9854538440704346
86,1,0.983523428440094
87,1,0.9107252359390259
88,1,0.3844953775405884
89,1,0.2756994068622589
90,1,0.8566058874130249
91,1,0.3811769187450409
92,1,0.813385546207428
93,1,0.828198254108429
94,1,0.8363153338432312
95,1,0.9103193283081055
96,1,0.5618220567703247
97,1,0.42789554595947266
98,1,0.8706022500991821
99,1,0.9047544002532959
100,1,0.9346303939819336
101,1,0.7878689169883728
102,1,0.046630870550870895
103,1,0.8832370042800903
104,1,0.7965646982192993
105,1,0.8502983450889587
106,1,0.45608633756637573
107,1,0.9067028164863586
108,1,0.9908031225204468
109,1,0.4110821485519409
110,1,0.7384443283081055
111,1,0.8528105020523071
112,1,0.4906228184700012
113,1,0.9048525094985962
114,1,0.8030984401702881
115,1,0.9652824997901917
116,1,0.6871263980865479
117,1,0.8469513654708862
118,1,0.9768556356430054
119,1,0.427615225315094
120,1,0.912446141242981
121,1,0.823756992816925
122,1,0.9370979070663452
123,1,0.9794320464134216
124,1,0.5771114230155945
125,1,0.7425588369369507
126,1,0.9667649865150452
127,1,0.5221226215362549
128,1,0.4949999749660492
129,1,0.9807095527648926
130,1,0.7417212724685669
131,1,0.9951393604278564
132,1,0.9625107049942017
133,1,0.9918503165245056
134,1,0.8450746536254883
135,1,0.4921994209289551
136,1,0.9958154559135437
137,1,0.4655812382698059
138,1,0.972854495048523
139,1,0.9545440077781677
140,1,0.8969084620475769
141,1,0.994699239730835
142,1,0.7057555317878723
143,1,0.45164287090301514
144,1,0.8962336182594299
145,1,0.917326807975769
146,1,0.9134696125984192
147,1,0.9927777647972107
148,1,0.9527398943901062
149,1,0.051108766347169876
150,1,0.9183082580566406
151,1,0.9898466467857361
152,1,0.7737956047058105
153,1,0.9715889692306519
154,1,0.06592573970556259
155,1,0.612945556640625
156,1,0.98473060131073
157,1,0.9832826852798462
158,1,0.993895947933197
159,1,0.9642547965049744
160,1,0.31141385436058044
161,1,0.9755579233169556
162,1,0.1579292267560959
163,1,0.278269499540329
164,1,0.8430717587471008
165,1,0.7667073011398315
166,1,0.8563982844352722
167,1,0.5230382084846497
168,1,0.007977942004799843
169,1,0.9021281003952026
170,1,0.9733668565750122
171,1,0.973120391368866
172,1,0.1585778146982193
173,1,0.963566243648529
174,1,0.8201619386672974
175,1,0.845465898513794
176,1,0.8526926040649414
177,1,0.8957195281982422
178,1,0.9873551726341248
179,1,0.9849129319190979
180,1,0.8676604628562927
181,1,0.9217782616615295
182,1,0.8491124510765076
183,1,0.6406015753746033
184,1,0.8106124401092529
185,1,0.006059517618268728
186,1,0.39850860834121704
187,1,0.21839851140975952
188,1,0.9579755663871765
189,1,0.8637160658836365
190,1,0.9666128754615784
191,1,0.9424090385437012
192,1,0.5174433588981628
193,1,0.7023255228996277
194,1,0.3094778060913086
195,1,0.9219938516616821
196,1,0.19806265830993652
197,1,0.08230017870664597
198,1,0.7753028869628906
199,1,0.906991183757782
200,1,0.25445449352264404
201,1,0.24618569016456604
202,1,0.1343035250902176
203,1,0.957347571849823
204,1,0.9665691256523132
205,1,0.9837949275970459
206,1,0.47514596581459045
207,1,0.9131156206130981
208,1,0.9533020257949829
209,1,0.6660128831863403
210,1,0.8565223813056946
211,1,0.3428593575954437
212,1,0.9045929312705994
213,1,0.8074241280555725
214,1,0.9178906083106995
215,1,0.11679355055093765
216,1,0.9827218651771545
217,1,0.717116117477417
218,1,0.4908539652824402
219,1,0.6239517331123352
220,1,0.5455573797225952
221,1,0.3135051429271698
222,1,0.3594663739204407
223,1,0.8187682032585144
224,1,0.2966136634349823
225,1,0.537743091583252
226,1,0.3539600372314453
227,1,0.0699414536356926
228,1,0.277447909116745
229,1,0.1112014651298523
230,1,0.7765607237815857
231,1,0.047232866287231445
232,1,0.18731370568275452
233,1,0.04545976221561432
234,1,0.5054379105567932
235,1,0.6851580739021301
236,1,0.04127098619937897
237,1,0.3778565227985382
238,1,0.9627882242202759
239,1,0.8639005422592163
240,1,0.7544217109680176
241,1,0.9961937665939331
242,1,0.9929163455963135
243,1,0.3107878863811493
244,1,0.988105058670044
245,1,0.45216989517211914
246,1,0.8773356676101685
247,1,0.9873515367507935
248,1,0.44952520728111267
249,1,0.6881754994392395
250,1,0.394506573677063
251,1,0.5235340595245361
252,1,0.9648135304450989
253,1,0.2129235714673996
254,1,0.9376089572906494
255,1,0.4743521213531494
256,1,0.7607520818710327
257,1,0.2972324788570404
258,1,0.8434165120124817
259,1,0.918586254119873
260,1,0.8206427097320557
261,1,0.969785749912262
262,1,0.9889853000640869
263,1,0.7872515916824341
264,1,0.9867467880249023
265,1,0.9548330307006836
266,1,0.9657061100006104
267,1,0.9597225189208984
268,1,0.9906792044639587
269,1,0.9708104133605957
270,1,0.8272685408592224
271,1,0.7489368915557861
272,1,0.9518335461616516
273,1,0.9133729338645935
274,1,0.9572237133979797
275,1,0.5473968982696533
276,1,0.9187652468681335
277,1,0.4431779980659485
278,1,0.9081107974052429
279,1,0.5106669664382935
280,1,0.8674577474594116
281,1,0.9305813312530518
282,1,0.12301650643348694
283,1,0.5717705488204956
284,1,0.3443416655063629
285,1,0.8105144500732422
286,1,0.8436371088027954
287,1,0.984917938709259
288,1,0.9188596606254578
289,1,0.7789030075073242
290,1,0.7229191064834595
291,1,0.9914862513542175
292,1,0.9437924027442932
293,1,0.9679445028305054
294,1,0.904728889465332
295,1,0.986268162727356
296,1,0.798224151134491
297,1,0.7730761766433716
298,1,0.8604449033737183
299,1,0.7068411111831665
300,1,0.8607016801834106
301,1,0.616365373134613
302,1,0.7258509397506714
303,1,0.6315883994102478
304,1,0.5285524129867554
305,1,0.5930363535881042
306,1,0.8027843236923218
307,1,0.6338538527488708
308,1,0.685996949672699
309,1,0.9044134020805359
310,1,0.8840534090995789
311,1,0.657798707485199
312,1,0.9485619068145752
313,1,0.2651883363723755
314,1,0.4681845009326935
315,1,0.8276265263557434
316,1,0.8622658848762512
317,1,0.25177595019340515
318,1,0.6155481338500977
319,1,0.4680849313735962
320,1,0.44340288639068604
321,1,0.13229630887508392
322,1,0.43452510237693787
323,1,0.7002851366996765
324,1,0.5352885127067566
325,1,0.9025327563285828
326,1,0.9532723426818848
327,1,0.9456514120101929
328,1,0.994009256362915
329,1,0.9778009057044983
330,1,0.8894679546356201
331,1,0.7334553599357605
332,1,0.9479760527610779
333,1,0.9021702408790588
334,1,0.934951901435852
335,1,0.9561159014701843
336,1,0.8705489635467529
337,1,0.9838221669197083
338,1,0.9669755697250366
339,1,0.9755429625511169
340,1,0.8845954537391663
341,1,0.9760969877243042
342,1,0.9361811280250549
343,1,0.9829083681106567
344,1,0.8404122591018677
345,1,0.9632466435432434
346,1,0.6500656008720398
347,1,0.9336257576942444
348,1,0.9347552061080933
349,1,0.9862794876098633
350,1,0.9968812465667725
351,1,0.9741284847259521
352,1,0.7568165063858032
353,1,0.8524331450462341
354,1,0.937827467918396
355,1,0.6816169619560242
356,1,0.6027011275291443
357,1,0.9177006483078003
358,1,0.9748859405517578
359,1,0.42273184657096863
360,1,0.8866714835166931
361,1,0.3306579291820526
362,1,0.9743446707725525
363,1,0.9431795477867126
364,1,0.8562652468681335
365,1,0.11522407829761505
366,1,0.9753695130348206
367,1,0.4972415864467621
368,1,0.6385025382041931
369,1,0.29085206985473633
370,1,0.6561180949211121
371,1,0.738601565361023
372,1,0.41921329498291016
373,1,0.4041370451450348
374,1,0.551324188709259
375,1,0.6964256167411804
376,1,0.8836231231689453
377,1,0.5672040581703186
378,1,0.2589350640773773
379,1,0.0934540405869484
380,1,0.12938983738422394
381,1,0.9333747029304504
382,1,0.02405652031302452
383,1,0.03431181237101555
384,1,0.1768096685409546
385,1,0.7190892696380615
386,1,0.5132971405982971
387,1,0.8634728789329529
388,1,0.6084270477294922
389,1,0.06872666627168655
390,1,0.40577930212020874
391,1,0.03213108330965042
392,1,0.19492284953594208
393,1,0.7172272205352783
394,1,0.9116671681404114
395,1,0.7351667881011963
396,1,0.8741652965545654
397,1,0.1460246443748474
398,1,0.24687565863132477
399,1,0.1754109412431717
400,1,0.4362815022468567
401,1,0.5799524784088135
402,1,0.210415318608284
403,1,0.17627860605716705
404,1,0.059581317007541656
405,1,0.9578853249549866
406,1,0.5363537669181824
407,1,0.5184959769248962
408,1,0.8401349782943726
409,1,0.5675078630447388
410,1,0.7410211563110352
411,1,0.9226047992706299
412,1,0.017582960426807404
413,1,0.992978036403656
414,1,0.6906576156616211
415,1,0.4937319755554199
416,1,0.9915784597396851
417,1,0.4387780427932739
418,1,0.9474823474884033
419,1,0.9655729532241821
420,1,0.846921980381012
421,1,0.2502421736717224
422,1,0.32003459334373474
423,1,0.9755795001983643
424,1,0.3464483320713043
425,1,0.5063890218734741
426,1,0.06111515685915947
427,1,0.6682723164558411
428,1,0.7408918142318726
429,1,0.7291210889816284
430,1,0.7873629331588745
431,1,0.564316987991333
432,1,0.9886060357093811
433,1,0.8243215084075928
434,1,0.9852837324142456
435,1,0.9484379291534424
436,1,0.9239629507064819
437,1,0.8641705513000488
438,1,0.825838565826416
439,1,0.9882779717445374
440,1,0.8278451561927795
441,1,0.9741424918174744
442,1,0.9211155772209167
443,1,0.649871826171875
444,1,0.3655126690864563
445,1,0.5815914273262024
446,1,0.6369089484214783
447,1,0.7388466596603394
448,1,0.9299147129058838
449,1,0.5418518781661987
450,1,0.9646446704864502
451,1,0.8737149238586426
452,1,0.9451429843902588
453,1,0.8920988440513611
454,1,0.34125858545303345
455,1,0.5602990984916687
456,1,0.9704902172088623
457,1,0.96722811460495
458,1,0.5664372444152832
459,1,0.9188300967216492
460,1,0.9756056666374207
461,1,0.8670939207077026
462,1,0.979472815990448
463,1,0.9303078055381775
464,1,0.9740093946456909
465,1,0.5956071615219116
466,1,0.7921406626701355
467,1,0.4235466718673706
468,1,0.6813660264015198
469,1,0.7302443981170654
470,1,0.9762008190155029
471,1,0.9974977374076843
472,1,0.008550727739930153
473,1,0.6697000861167908
474,1,0.6578425168991089
475,1,0.9800429344177246
476,1,0.9839248657226562
477,1,0.9024356603622437
478,1,0.9847798943519592
479,1,0.9777936339378357
480,1,0.8845412731170654
481,1,0.9930323362350464
482,1,0.7746233940124512
483,1,0.8761466145515442
484,1,0.9706858396530151
485,1,0.9311138987541199
486,1,0.8014807105064392
487,1,0.9603949189186096
488,1,0.9904865622520447
489,1,0.2532810568809509
490,1,0.6504238843917847
491,1,0.8248597383499146
492,1,0.8545365929603577
493,1,0.8300419449806213
494,1,0.9618518352508545
495,1,0.9837712049484253
496,1,0.8657095432281494
497,1,0.8507155179977417
498,1,0.9589977860450745
499,1,0.9132638573646545
500,1,0.7683102488517761
501,1,0.41369298100471497
502,1,0.9323065280914307
503,1,0.9227031469345093
504,1,0.8047950863838196
505,1,0.07665178179740906
506,1,0.35328158736228943
507,1,0.3613989055156708
508,1,0.35473835468292236
509,1,0.2750805914402008
510,1,0.6218662858009338
511,1,0.7621711492538452
512,1,0.41723600029945374
513,1,0.03289789706468582
514,1,0.9138588309288025
515,1,0.4370661973953247
516,1,0.2710613012313843
517,1,0.5869174599647522
518,1,0.9008960723876953
519,1,0.8257246017456055
520,1,0.18934573233127594
521,1,0.7801950573921204
522,1,0.48354190587997437
523,1,0.4008621573448181
524,1,0.22813619673252106
525,1,0.46166133880615234
526,1,0.6608719229698181
527,1,0.7391323447227478
528,1,0.9511644840240479
529,1,0.7138853669166565
530,1,0.9363019466400146
531,1,0.676895022392273
532,1,0.9610904455184937
533,1,0.8805824518203735
534,1,0.4739702641963959
535,1,0.5252404808998108
536,1,0.44843417406082153
537,1,0.9040044546127319
538,1,0.6222200393676758
539,1,0.9635180830955505
540,1,0.31661567091941833
541,1,0.9223328232765198
542,1,0.7912152409553528
543,1,0.6267428398132324
544,1,0.8771103620529175
545,1,0.951891303062439
546,1,0.5215486884117126
547,1,0.20508909225463867
548,1,0.5306596755981445
549,1,0.9588848948478699
550,1,0.5442950129508972
551,1,0.9094250202178955
552,1,0.7294695377349854
553,1,0.9290595650672913
554,1,0.9368661046028137
555,1,0.9794212579727173
556,1,0.7900060415267944
557,1,0.9268092513084412
558,1,0.9595767855644226
559,1,0.8873878717422485
560,1,0.8360549807548523
561,1,0.8495129346847534
562,1,0.5653917193412781
563,1,0.26845017075538635
564,1,0.6356759071350098
565,1,0.8714492321014404
566,1,0.9236494898796082
567,1,0.8517138361930847
568,1,0.826542854309082
569,1,0.6505498886108398
570,1,0.5049780607223511
571,1,0.7212187647819519
572,1,0.8276151418685913
573,1,0.9764738082885742
574,1,0.8806688189506531
575,1,0.971187949180603
576,1,0.9930311441421509
577,1,0.18285880982875824
578,1,0.9790381193161011
579,1,0.9401756525039673
580,1,0.8484829068183899
581,1,0.8743109703063965
582,1,0.95020592212677
583,1,0.9705675840377808
584,1,0.7567033767700195
585,1,0.6494961380958557
586,1,0.7744753360748291
587,1,0.890364944934845
588,1,0.9913691878318787
589,1,0.7687734365463257
590,1,0.9182937741279602
591,1,0.28888213634490967
592,1,0.8869888782501221
593,1,0.1096826121211052
594,1,0.8837156295776367
595,1,0.5656308531761169
596,1,0.8385398983955383
597,1,0.7617362141609192
598,1,0.5246012806892395
599,1,0.47519662976264954
600,1,0.8540747165679932
601,1,0.5171823501586914
602,1,0.9582445621490479
603,1,0.9510138630867004
604,1,0.7327368259429932
605,1,0.8467193841934204
606,1,0.9388487339019775
607,1,0.8109175562858582
608,1,0.880344033241272
609,1,0.9577929973602295
610,1,0.6612834930419922
611,1,0.6809455752372742
612,1,0.1412883847951889
613,1,0.9126699566841125
614,1,0.6755517721176147
615,1,0.299825519323349
616,1,0.7280197143554688
617,1,0.3747251629829407
618,1,0.7482606768608093
619,1,0.668546736240387
620,1,0.6562860012054443
621,1,0.6205909252166748
622,1,0.4853270351886749
623,1,0.24112917482852936
624,1,0.4342213571071625
625,1,0.42208001017570496
626,1,0.8746083974838257
627,1,0.8001253008842468
628,1,0.8576340675354004
629,1,0.8910431265830994
630,1,0.8290272951126099
631,1,0.8788754940032959
632,1,0.9681651592254639
633,1,0.9754824638366699
634,1,0.36191847920417786
635,1,0.9342151880264282
636,1,0.8806601166725159
637,1,0.9365267753601074
638,1,0.5354540944099426
639,1,0.9479413628578186
640,1,0.5556960105895996
641,1,0.5686997771263123
642,1,0.6420570015907288
643,1,0.40644970536231995
644,1,0.8710511326789856
645,1,0.9418752789497375
646,1,0.6072755455970764
647,1,0.9147891998291016
648,1,0.9100606441497803
649,1,0.5695352554321289
650,1,0.9484170079231262
651,1,0.5084278583526611
652,1,0.9222525358200073
653,1,0.9415371417999268
654,1,0.9380193948745728
655,1,0.9456796646118164
656,1,0.36834338307380676
657,1,0.26755258440971375
658,1,0.9576303362846375
659,1,0.9167298674583435
660,1,0.9637819528579712
661,1,0.653056800365448
662,1,0.9351162314414978
663,1,0.4469934403896332
664,1,0.9198405146598816
665,1,0.9743013381958008
666,1,0.6760349869728088
667,1,0.9514641165733337
668,1,0.8713437914848328
669,1,0.9435745477676392
670,1,0.9733943939208984
671,1,0.9478765726089478
672,1,0.4727102220058441
673,1,0.5840641856193542
674,1,0.6128275990486145
675,1,0.7800416946411133
676,1,0.9471478462219238
677,1,0.774220883846283
678,1,0.9454689621925354
679,1,0.621637761592865
680,1,0.7511313557624817
681,1,0.9253813624382019
682,1,0.940856397151947
683,1,0.928717851638794
684,1,0.9075854420661926
685,1,0.5692796111106873
686,1,0.6488496661186218
687,1,0.97081458568573
688,1,0.9592689275741577
689,1,0.8872747421264648
690,1,0.26486992835998535
691,1,0.910427987575531
692,1,0.9225177764892578
693,1,0.9616008996963501
694,1,0.9664071202278137
695,1,0.8917519450187683
696,1,0.9172314405441284
697,1,0.8952662348747253
698,1,0.836090087890625
699,1,0.5202823281288147
700,1,0.7045498490333557
701,1,0.21993735432624817
702,1,0.778006374835968
703,1,0.9137638211250305
704,1,0.9838215112686157
705,1,0.951001763343811
706,1,0.9276230335235596
707,1,0.9944884777069092
708,1,0.9845351576805115
709,1,0.9811809062957764
710,1,0.8595776557922363
711,1,0.8579881191253662
712,1,0.9408418536186218
713,1,0.9877915978431702
714,1,0.8950411081314087
715,1,0.8889028429985046
716,1,0.03364190086722374
717,1,0.5468180179595947
718,1,0.6732214689254761
719,1,0.6854264736175537
720,1,0.9738161563873291
721,1,0.9330760836601257
722,1,0.6349074840545654
723,1,0.8421584367752075
724,1,0.944010853767395
725,1,0.12694233655929565
726,1,0.8678845167160034
727,1,0.9720799922943115
728,1,0.9964900612831116
729,1,0.7051085233688354
730,1,0.5690646171569824
731,1,0.7841499447822571
732,1,0.7479603290557861
733,1,0.7451840043067932
734,1,0.6216487288475037
735,1,0.35901811718940735
736,1,0.9318841695785522
737,1,0.5315542817115784
738,1,0.8617265224456787
739,1,0.7118547558784485
740,1,0.5941697955131531
741,1,0.2185514122247696
742,1,0.2883618175983429
743,1,0.8984971046447754
744,1,0.44089335203170776
745,1,0.3223342001438141
746,1,0.6234129667282104
747,1,0.8631666898727417
748,1,0.926739513874054
749,1,0.5045127272605896
750,1,0.5616495013237
751,1,0.7594461441040039
752,1,0.808095395565033
753,1,0.37025508284568787
754,1,0.24952472746372223
755,1,0.3651695251464844
756,1,0.7850200533866882
757,1,0.4825335144996643
758,1,0.6424915194511414
759,1,0.7001022696495056
760,1,0.46450307965278625
761,1,0.23488032817840576
762,1,0.49189141392707825
763,1,0.9585373401641846
764,1,0.9568167924880981
765,1,0.9512012004852295
766,1,0.28413236141204834
767,1,0.7425366640090942
768,1,0.9405112862586975
769,1,0.2832199037075043
770,1,0.7394624948501587
771,1,0.9169987440109253
772,1,0.9414770007133484
773,1,0.21322867274284363
774,1,0.9525823593139648
775,1,0.9015952348709106
776,1,0.9242347478866577
777,1,0.9627459645271301
778,1,0.2713890075683594
779,1,0.8896613717079163
780,1,0.9061367511749268
781,1,0.8463807106018066
782,1,0.986122727394104
783,1,0.9414250254631042
784,1,0.9785218834877014
785,1,0.8714032769203186
786,1,0.9816505908966064
787,1,0.9944366216659546
788,1,0.9023733735084534
789,1,0.8767808079719543
790,1,0.9593536853790283
791,1,0.9889686107635498
792,1,0.9695320129394531
793,1,0.9587194323539734
794,1,0.6858084201812744
795,1,0.5999237895011902
796,1,0.3021179735660553
797,1,0.598374605178833
798,1,0.9190375208854675
799,1,0.8463181257247925
800,1,0.598940372467041
801,1,0.8262001872062683
802,1,0.04006526991724968
803,1,0.44323885440826416
804,1,0.8931471109390259
805,1,0.09686700999736786
806,1,0.36839503049850464
807,1,0.6954656839370728
808,1,0.6861891746520996
809,1,0.32749277353286743
810,1,0.768122136592865
811,1,0.7889842987060547
812,1,0.3737800419330597
813,1,0.5993375778198242
814,1,0.759977400302887
815,1,0.26244911551475525
816,1,0.2244555503129959
817,1,0.8829976916313171
818,1,0.6352585554122925
819,1,0.5379475951194763
820,1,0.5435031652450562
821,1,0.9441006183624268
822,1,0.7296018600463867
823,1,0.9295640587806702
824,1,0.8567204475402832
825,1,0.9293597936630249
826,1,0.9208921194076538
827,1,0.8962493538856506
828,1,0.6569975018501282
829,1,0.6700368523597717
830,1,0.8868818283081055
831,1,0.778866708278656
832,1,0.6697339415550232
833,1,0.8013015389442444
834,1,0.6218425035476685
835,1,0.7174700498580933
836,1,0.5844287276268005
837,1,0.7938520312309265
838,1,0.6795718669891357
839,1,0.6866369247436523
840,1,0.8527815937995911
841,1,0.5887242555618286
842,1,0.6181188225746155
843,1,0.8621045351028442
844,1,0.6560347676277161
845,1,0.02466522343456745
846,1,0.664189875125885
847,1,0.5255329608917236
848,1,0.17959372699260712
849,1,0.707121729850769
850,1,0.6156956553459167
851,1,0.6338760852813721
852,1,0.5974514484405518
853,1,0.9014846682548523
854,1,0.4805055856704712
855,1,0.4262925982475281
856,1,0.6240138411521912
857,1,0.6529996991157532
858,1,0.2366870939731598
859,1,0.8410095572471619
860,1,0.43664121627807617
861,1,0.37338781356811523
862,1,0.9129630923271179
863,1,0.5381591320037842
864,1,0.8674830794334412
865,1,0.36907175183296204
866,1,0.84198397397995
867,1,0.030576590448617935
868,1,0.8938717246055603
869,1,0.483974426984787
870,1,0.8121758103370667
871,1,0.7349703907966614
872,1,0.8730459809303284
873,1,0.8483855128288269
874,1,0.5181442499160767
875,1,0.502682626247406
876,1,0.3658415973186493
877,1,0.22963517904281616
878,1,0.7375631332397461
879,1,0.8982439041137695
880,1,0.8506215214729309
881,1,0.862371563911438
882,1,0.22275321185588837
883,1,0.2840377986431122
884,1,0.40673816204071045
885,1,0.25184687972068787
886,1,0.7635144591331482
887,1,0.6101428866386414
888,1,0.7262568473815918
889,1,0.253738671541214
890,1,0.49223825335502625
891,1,0.49276241660118103
892,1,0.7350194454193115
893,1,0.9761402606964111
894,1,0.4733201861381531
895,1,0.2924135625362396
896,1,0.7127333879470825
897,1,0.886691153049469
898,1,0.5896551609039307
899,1,0.2726517915725708
900,1,0.6452212333679199
901,1,0.8350428938865662
902,1,0.8970922231674194
903,1,0.9725726246833801
904,1,0.8053154945373535
905,1,0.4683035910129547
906,1,0.016419434919953346
907,1,0.8226321339607239
908,1,0.9518694877624512
909,1,0.7535675764083862
910,1,0.6834389567375183
911,1,0.9487550258636475
912,1,0.9279157519340515
913,1,0.964513897895813
914,1,0.937321126461029
915,1,0.9693137407302856
916,1,0.9533464312553406
917,1,0.2913970351219177
918,1,0.6628932952880859
919,1,0.15287043154239655
920,1,0.6705518364906311
921,1,0.579194962978363
922,1,0.7817956805229187
923,1,0.7811387181282043
924,1,0.912995457649231
925,1,0.8816854357719421
926,1,0.6710360050201416
927,1,0.9139368534088135
928,1,0.7814674973487854
929,1,0.9167749285697937
930,1,0.9348117709159851
931,1,0.9471889138221741
932,1,0.3876301050186157
933,1,0.7719928026199341
934,1,0.7790166735649109
935,1,0.8400108814239502
936,1,0.8532289266586304
937,1,0.4906182289123535
938,1,0.990151047706604
939,1,0.951194167137146
940,1,0.9835060238838196
941,1,0.6680999994277954
942,1,0.5014991164207458
943,1,0.9151100516319275
944,1,0.46995317935943604
945,1,0.6637988686561584
946,1,0.4934261739253998
947,1,0.9718919992446899
948,1,0.4654972553253174
949,1,0.7073075771331787
950,1,0.9780207276344299
951,1,0.9720869660377502
952,1,0.9712863564491272
953,1,0.9567793607711792
954,1,0.9224529266357422
955,1,0.9645082354545593
956,1,0.8044436573982239
957,1,0.9524984359741211
958,1,0.9690408706665039
959,1,0.9873680472373962
960,1,0.9922016859054565
961,1,0.17959372699260712
962,1,0.9849570393562317
963,1,0.9627256393432617
964,1,0.944408118724823
965,1,0.7667007446289062
966,1,0.9788438677787781
967,1,0.9185425043106079
968,1,0.9924822449684143
969,1,0.6452517509460449
970,1,0.14428840577602386
971,1,0.5886774063110352
972,1,0.7634595036506653
973,1,0.5083930492401123
974,1,0.978423535823822
975,1,0.9085891842842102
976,1,0.6010117530822754
977,1,0.8751240968704224
978,1,0.6639183163642883
979,1,0.33342429995536804
980,1,0.8779959678649902
981,1,0.9238380193710327
982,1,0.9806922674179077
983,1,0.9488116502761841
984,1,0.20181839168071747
985,1,0.9819667339324951
986,1,0.6908605694770813
987,1,0.9626928567886353
988,1,0.9410223364830017
989,1,0.9181361794471741
990,1,0.9650878310203552
991,1,0.13764485716819763
992,1,0.8853458762168884
993,1,0.8264306783676147
994,1,0.9557414650917053
995,1,0.9742398858070374
996,1,0.9767488241195679
997,1,0.9792546629905701
998,1,0.9382948875427246
999,1,0.8728069067001343
1000,1,0.42341849207878113
1001,1,0.019847778603434563
1002,1,0.9187853932380676
1003,1,0.8959071636199951
1004,1,0.4139184057712555
1005,1,0.6171978712081909
1006,1,0.892116904258728
1007,1,0.4567382335662842
1008,1,0.684000551700592
1009,1,0.4206694960594177
1010,1,0.9348215460777283
1011,1,0.9369259476661682
1012,1,0.31058040261268616
1013,1,0.7719715237617493
1014,1,0.760664165019989
1015,1,0.9474127888679504
1016,1,0.9668051600456238
1017,1,0.9138579368591309
1018,1,0.7689304351806641
1019,1,0.9754168391227722
1020,1,0.9436747431755066
1021,1,0.93772953748703
1022,1,0.9492040872573853
1023,1,0.9045487642288208
1024,1,0.5012186169624329
1025,1,0.8929615020751953
1026,1,0.9737155437469482
1027,1,0.9167534112930298
1028,1,0.8147785663604736
1029,1,0.49794769287109375
1030,1,0.9853888154029846
1031,1,0.9351373910903931
1032,1,0.9130822420120239
1033,1,0.8097296953201294
1034,1,0.26846882700920105
1035,1,0.8091176152229309
1036,1,0.6192213892936707
1037,1,0.9282844066619873
1038,1,0.7587758302688599
1039,1,0.8979599475860596
1040,1,0.5868881940841675
1041,1,0.9739536046981812
1042,1,0.49864113330841064
1043,1,0.9764849543571472
1044,1,0.9347378015518188
1045,1,0.9260172843933105
1046,1,0.9234628081321716
1047,1,0.300942063331604
1048,1,0.3156092166900635
1049,1,0.9645864367485046
1050,1,0.40000420808792114
1051,1,0.9223086833953857
1052,1,0.7332634925842285
1053,1,0.9106338620185852
1054,1,0.827021598815918
1055,1,0.8257922530174255
1056,1,0.8744978308677673
1057,1,0.5665009617805481
1058,1,0.9577308893203735
1059,1,0.9050958156585693
1060,1,0.9449161887168884
1061,1,0.786577045917511
1062,1,0.9156341552734375
1063,1,0.9682767987251282
1064,1,0.9577957391738892
1065,1,0.9053606390953064
1066,1,0.7001690864562988
1067,1,0.9314982295036316
1068,1,0.9445701241493225
1069,1,0.9604367017745972
1070,1,0.9722617268562317
1071,1,0.9790233373641968
1072,1,0.9273325204849243
1073,1,0.8514804244041443
1074,1,0.9926552772521973
1075,1,0.9374508261680603
1076,1,0.9796736836433411
1077,1,0.7790729403495789
1078,1,0.7722077369689941
1079,1,0.966517448425293
1080,1,0.9700672626495361
1081,1,0.7755528092384338
1082,1,0.8627105355262756
1083,1,0.8806368708610535
1084,1,0.9562961459159851
1085,1,0.9744277596473694
1086,1,0.8397204875946045
1087,1,0.9480028748512268
1088,1,0.9813774228096008
1089,1,0.9919732809066772
1090,1,0.9868796467781067
1091,1,0.4444471299648285
1092,1,0.9941756725311279
1093,1,0.9567789435386658
1094,1,0.8151147365570068
1095,1,0.8767951726913452
1096,1,0.800926148891449
1097,1,0.9824099540710449
1098,1,0.5224314332008362
1099,1,0.4402233958244324
1100,1,0.9601905941963196
1101,1,0.8388851284980774
1102,1,0.917822539806366
1103,1,0.9819876551628113
1104,1,0.9646452069282532
1105,1,0.3843397796154022
1106,1,0.6119045615196228
1107,1,0.892227053642273
1108,1,0.8071550726890564
1109,1,0.8972681164741516
1110,1,0.9008023142814636
1111,1,0.9593827724456787
1112,1,0.9501969814300537
1113,1,0.9382490515708923
1114,1,0.14504413306713104
1115,1,0.9217984080314636
1116,1,0.6605383157730103
1117,1,0.9335160851478577
1118,1,0.790603756904602
1119,1,0.7392891645431519
1120,1,0.8675429821014404
1121,1,0.7942014336585999
1122,1,0.9130746722221375
1123,1,0.5649135708808899
1124,1,0.8847241997718811
1125,1,0.9183485507965088
1126,1,0.9670302271842957
1127,1,0.1531355232000351
1128,1,0.2910979986190796
1129,1,0.5690197944641113
1130,1,0.3744775652885437
1131,1,0.19678007066249847
1132,1,0.05069228634238243
1133,1,0.06581076234579086
1134,1,0.07150085270404816
1135,1,0.9911353588104248
1136,1,0.9770147800445557
1137,1,0.9282517433166504
1138,1,0.8790466785430908
1139,1,0.9273553490638733
1140,1,0.47223666310310364
1141,1,0.11274809390306473
1142,1,0.7584183216094971
1143,1,0.7705190181732178
1144,1,0.7232645750045776
1145,1,0.9822289943695068
1146,1,0.41629308462142944
1147,1,0.9373724460601807
1148,1,0.9796313643455505
1149,1,0.7193708419799805
1150,1,0.4738517999649048
1151,1,0.6277340054512024
1152,1,0.9496707320213318
1153,1,0.7225720882415771
1154,1,0.9768534898757935
1155,1,0.9685530662536621
1156,1,0.64030921459198
1157,1,0.9321100115776062
1158,1,0.7950884699821472
1159,1,0.8689231276512146
1160,1,0.9256899356842041
1161,1,0.9677566885948181
1162,1,0.9761921167373657
1163,1,0.03646489605307579
1164,1,0.5894250273704529
1165,1,0.2918020188808441
1166,1,0.8316594362258911
1167,1,0.4470957815647125
1168,1,0.9290868639945984
1169,1,0.8440958261489868
1170,1,0.981124997138977
1171,1,0.5288156270980835
1172,1,0.9675636887550354
1173,1,0.7689369916915894
1174,1,0.5472564697265625
1175,1,0.6073071956634521
1176,1,0.7410902380943298
1177,1,0.8441967964172363
1178,1,0.9814152717590332
1179,1,0.983640730381012
1180,1,0.9314334392547607
1181,1,0.5534950494766235
1182,1,0.9419678449630737
1183,1,0.9762703776359558
1184,1,0.7280673384666443
1185,1,0.5735703706741333
1186,1,0.5518669486045837
1187,1,0.9252043962478638
1188,1,0.9591697454452515
1189,1,0.4054013192653656
1190,1,0.37975332140922546
1191,1,0.9004254341125488
1192,1,0.9613102078437805
1193,1,0.5090435147285461
1194,1,0.944176197052002
1195,1,0.9474152326583862
1196,1,0.3711874485015869
1197,1,0.9490850567817688
1198,1,0.815743625164032
1199,1,0.1716970056295395
1200,1,0.6822239756584167
1201,1,0.9916476011276245
1202,1,0.9832395911216736
1203,1,0.9793186783790588
1204,1,0.9642258882522583
1205,1,0.9146478772163391
1206,1,0.9275688529014587
1207,1,0.9864218235015869
1208,1,0.9815349578857422
1209,1,0.960657000541687
1210,1,0.9783207178115845
1211,1,0.3008809983730316
1212,1,0.9231677055358887
1213,1,0.9143064618110657
1214,1,0.9638347029685974
1215,1,0.8616427183151245
1216,1,0.930982768535614
1217,1,0.9930410385131836
1218,1,0.8940392732620239
1219,1,0.9355797171592712
1220,1,0.9341204166412354
1221,1,0.9946466088294983
1222,1,0.5511879920959473
1223,1,0.9594354629516602
1224,1,0.9843747019767761
1225,1,0.989738404750824
1226,1,0.7505906224250793
1227,1,0.985501229763031
1228,1,0.9874277114868164
1229,1,0.964935839176178
1230,1,0.5303335189819336
1231,1,0.4917127788066864
1232,1,0.9111512899398804
1233,1,0.8365545272827148
1234,1,0.856664776802063
1235,1,0.9469625353813171
1236,1,0.8485457897186279
1237,1,0.9726945161819458
1238,1,0.22812974452972412
1239,1,0.5561726689338684
1240,1,0.9030846357345581
1241,1,0.44599592685699463
1242,1,0.9238633513450623
1243,1,0.9713086485862732
1244,1,0.5620418190956116
1245,1,0.9487646818161011
1246,1,0.9857800602912903
1247,1,0.8932808041572571
1248,1,0.9078662395477295
1249,1,0.5623045563697815
1250,1,0.7365050315856934
1251,1,0.8913761377334595
1252,1,0.9222917556762695
1253,1,0.5346246361732483
1254,1,0.8194970488548279
1255,1,0.9592377543449402
1256,1,0.9563162326812744
1257,1,0.9658021926879883
1258,1,0.47652468085289
1259,1,0.7387209534645081
1260,1,0.874557614326477
1261,1,0.44645199179649353
1262,1,0.9846876263618469
1263,1,0.9850479364395142
1264,1,0.9716749787330627
1265,1,0.31507164239883423
1266,1,0.384479284286499
1267,1,0.9579881429672241
1268,1,0.48291414976119995
1269,1,0.4987543821334839
1270,1,0.9801163673400879
1271,1,0.9041984677314758
1272,1,0.8274793028831482
1273,1,0.4529479146003723
1274,1,0.6302502155303955
1275,1,0.9267593026161194
1276,1,0.5659093260765076
1277,1,0.4623720943927765
1278,1,0.9247754812240601
1279,1,0.7275810837745667
1280,1,0.7005975842475891
1281,1,0.5897796154022217
1282,1,0.9519335627555847
1283,1,0.5145290493965149
1284,1,0.72617107629776
1285,1,0.30608558654785156
1286,1,0.9629383683204651
1287,1,0.22680021822452545
1288,1,0.8885952234268188
1289,1,0.22537952661514282
1290,1,0.7181167006492615
1291,1,0.6266478896141052
1292,1,0.5680283904075623
1293,1,0.5621998310089111
1294,1,0.24909183382987976
1295,1,0.4988718032836914
1296,1,0.6557988524436951
1297,1,0.9858422875404358
1298,1,0.8768119215965271
1299,1,0.9708871841430664
1300,1,0.774896502494812
1301,1,0.8845747113227844
1302,1,0.8116564154624939
1303,1,0.9178945422172546
1304,1,0.883045494556427
1305,1,0.9504318237304688
1306,1,0.5772778987884521
1307,1,0.17506760358810425
1308,1,0.9037522077560425
1309,1,0.9371135234832764
1310,1,0.12578725814819336
1311,1,0.991824209690094
1312,1,0.4251411557197571
1313,1,0.0937403067946434
1314,1,0.3976445198059082
1315,1,0.03242872282862663
1316,1,0.9182746410369873
1317,1,0.9346737265586853
1318,1,0.9272425174713135
1319,1,0.5146813988685608
1320,1,0.647996723651886
1321,1,0.9674922823905945
1322,1,0.9765350818634033
1323,1,0.9565552473068237
1324,1,0.9768357276916504
1325,1,0.45035120844841003
1326,1,0.976655900478363
1327,1,0.9824255108833313
1328,1,0.9634572863578796
1329,1,0.9743509292602539
1330,1,0.9932457804679871
1331,1,0.5920050740242004
1332,1,0.5253197550773621
1333,1,0.9763413667678833
1334,1,0.8692053556442261
1335,1,0.6858260631561279
1336,1,0.9276580810546875
1337,1,0.8714250922203064
1338,1,0.9785394668579102
1339,1,0.3151051700115204
1340,1,0.8259304165840149
1341,1,0.9321449995040894
1342,1,0.751462996006012
1343,1,0.982006311416626
1344,1,0.7962483763694763
1345,1,0.9649063348770142
1346,1,0.9416249394416809
1347,1,0.9821773767471313
1348,1,0.9684898853302002
1349,1,0.8801853060722351
1350,1,0.7589430212974548
1351,1,0.9155879020690918
1352,1,0.9670982360839844
1353,1,0.6077325940132141
1354,1,0.9103558659553528
1355,1,0.6389328241348267
1356,1,0.8932639956474304
1357,1,0.20566841959953308
1358,1,0.8793593645095825
1359,1,0.06147771701216698
1360,1,0.1733570396900177
1361,1,0.9067893624305725
1362,1,0.9221312999725342
1363,1,0.8629777431488037
1364,1,0.15838666260242462
1365,0,0.1875258833169937
1366,0,0.07832009345293045
1367,0,0.1401204764842987
1368,0,0.25836339592933655
1369,0,0.20969851315021515
1370,0,0.029998909682035446
1371,0,0.05802522972226143
1372,0,0.43722644448280334
1373,0,0.46009159088134766
1374,0,0.07541710883378983
1375,0,0.964241087436676
1376,0,0.1957385241985321
1377,0,0.0861067920923233
1378,0,0.1443023532629013
1379,0,0.26466429233551025
1380,0,0.19225086271762848
1381,0,0.6102457046508789
1382,0,0.006112457253038883
1383,0,0.06571728736162186
1384,0,0.17169268429279327
1385,0,0.05889224633574486
1386,0,0.12365961074829102
1387,0,0.33037787675857544
1388,0,0.007308085914701223
1389,0,0.07660198211669922
1390,0,0.16013585031032562
1391,0,0.1093149408698082
1392,0,0.37023621797561646
1393,0,0.15376915037631989
1394,0,0.4839213490486145
1395,0,0.019768284633755684
1396,0,0.2684326469898224
1397,0,0.06519613415002823
1398,0,0.03794187679886818
1399,0,0.5956781506538391
1400,0,0.6308133602142334
1401,0,0.02039286307990551
1402,0,0.060005832463502884
1403,0,0.7014268040657043
1404,0,0.08622035384178162
1405,0,0.5985874533653259
1406,0,0.14367054402828217
1407,0,0.2442389875650406
1408,0,0.5526766777038574
1409,0,0.9806422591209412
1410,0,0.002555903745815158
1411,0,0.0021031696815043688
1412,0,0.17227530479431152
1413,0,0.27144017815589905
1414,0,0.15950845181941986
1415,0,0.1294138878583908
1416,0,0.49967119097709656
1417,0,0.5288032293319702
1418,0,0.6818557381629944
1419,0,0.16708049178123474
1420,0,0.023119177669286728
1421,0,0.28110677003860474
1422,0,0.5714464783668518
1423,0,0.04729526489973068
1424,0,0.055208899080753326
1425,0,0.0933910384774208
1426,0,0.2173493355512619
1427,0,0.34991326928138733
1428,0,0.062100108712911606
1429,0,0.005917548201978207
1430,0,0.24916788935661316
1431,0,0.2678986191749573
1432,0,0.10971801728010178
1433,0,0.00954535510390997
1434,0,0.03362300246953964
1435,0,0.5523901581764221
1436,0,0.00416765920817852
1437,0,0.0486132949590683
1438,0,0.2258647084236145
1439,0,0.06757023930549622
1440,0,0.04401195049285889
1441,0,0.38000866770744324
1442,0,0.10935584455728531
1443,0,0.4389594793319702
1444,0,0.011243813671171665
1445,0,0.003893624059855938
1446,0,0.0420994758605957
1447,0,0.20576581358909607
1448,0,0.3098306655883789
1449,0,0.3744329810142517
1450,0,0.05245907977223396
1451,0,0.010894006118178368
1452,0,0.3250897526741028
1453,0,0.014387399889528751
1454,0,0.010949947871267796
1455,0,0.009906282648444176
1456,0,0.0747019499540329
1457,0,0.07901100814342499
1458,0,0.2075948268175125
1459,0,0.9142522215843201
1460,0,0.08783753961324692
1461,0,0.964181125164032
1462,0,0.5649046301841736
1463,0,0.013888232409954071
1464,0,0.43478670716285706
1465,0,0.006698349956423044
1466,0,0.17397168278694153
1467,0,0.09252738207578659
1468,0,0.0256672240793705
1469,0,0.06608599424362183
1470,0,0.004704077262431383
1471,0,0.49543920159339905
1472,0,0.0809415653347969
1473,0,0.054678548127412796
1474,0,0.04881065711379051
1475,0,0.11711342632770538
1476,0,0.011165800504386425
1477,0,0.01711619831621647
1478,0,0.19217485189437866
1479,0,0.04615999013185501
1480,0,0.17525896430015564
1481,0,0.7173588871955872
1482,0,0.005881073884665966
1483,0,0.2773530185222626
1484,0,0.23881307244300842
1485,0,0.5962252020835876
1486,0,0.20960326492786407
1487,0,0.027823615819215775
1488,0,0.011103138327598572
1489,0,0.9468576908111572
1490,0,0.3395034670829773
1491,0,0.2444145381450653
1492,0,0.9186779260635376
1493,0,0.008409346453845501
1494,0,0.31999528408050537
1495,0,0.06188218295574188
1496,0,0.0045959921553730965
1497,0,0.053441956639289856
1498,0,0.328674852848053
1499,0,0.49523410201072693
1500,0,0.014961112290620804
1501,0,0.05926628038287163
1502,0,0.0026870700530707836
1503,0,0.5029890537261963
1504,0,0.11926017701625824
1505,0,0.6049931049346924
1506,0,0.1183648556470871
1507,0,0.029143929481506348
1508,0,0.0017250379314646125
1509,0,0.9457011818885803
1510,0,0.29190191626548767
1511,0,0.11649120599031448
1512,0,0.31072521209716797
1513,0,0.060841698199510574
1514,0,0.2640567421913147
1515,0,0.01142028160393238
1516,0,0.06172054260969162
1517,0,0.04175259545445442
1518,0,0.07807806134223938
1519,0,0.2350347340106964
1520,0,0.48708441853523254
1521,0,0.3846844732761383
1522,0,0.2635577619075775
1523,0,0.16775961220264435
1524,0,0.30464237928390503
1525,0,0.43863409757614136
1526,0,0.35802391171455383
1527,0,0.6800850629806519
1528,0,0.019374338909983635
1529,0,0.04060017690062523
1530,0,0.35998040437698364
1531,0,0.03601948916912079
1532,0,0.9042927026748657
1533,0,0.003586588427424431
1534,0,0.007210105191916227
1535,0,0.5047100782394409
1536,0,0.3637585937976837
1537,0,0.3482983410358429
1538,0,0.34531158208847046
1539,0,0.5054869055747986
1540,0,0.41829192638397217
1541,0,0.8610103726387024
1542,0,0.03950870409607887
1543,0,0.9974283576011658
1544,0,0.23664118349552155
1545,0,0.23987272381782532
1546,0,0.28067436814308167
1547,0,0.5667708516120911
1548,0,0.4828222692012787
1549,0,0.601145327091217
1550,0,0.09450069069862366
1551,0,0.19555269181728363
1552,0,0.6257460117340088
1553,0,0.7947205901145935
1554,0,0.0061380136758089066
1555,0,0.7195291519165039
1556,0,0.40631645917892456
1557,0,0.018501311540603638
1558,0,0.14114239811897278
1559,0,0.1513282060623169
1560,0,0.6624161601066589
1561,0,0.0029114705976098776
1562,0,0.07906102389097214
1563,0,0.007136931177228689
1564,0,0.009003798477351665
1565,0,0.02505534701049328
1566,0,0.16621053218841553
1567,0,0.2654847204685211
1568,0,0.3032039999961853
1569,0,0.010580482892692089
1570,0,0.2645910680294037
1571,0,0.01230262778699398
1572,0,0.09377963095903397
1573,0,0.08307463675737381
1574,0,0.03623403236269951
1575,0,0.23303553462028503
1576,0,0.01212496031075716
1577,0,0.043529707938432693
1578,0,0.5966724753379822
1579,0,0.2404329627752304
1580,0,0.3964751362800598
1581,0,0.16791290044784546
1582,0,0.5331295728683472
1583,0,0.0022920009214431047
1584,0,0.009213064797222614
1585,0,0.6952053904533386
1586,0,0.15222588181495667
1587,0,0.08922003209590912
1588,0,0.3335537910461426
1589,0,0.44286850094795227
1590,0,0.009373318403959274
1591,0,0.4569133222103119
1592,0,0.5240908265113831
1593,0,0.5740329623222351
1594,0,0.9780334830284119
1595,0,0.033972833305597305
1596,0,0.3987118899822235
1597,0,0.06176121532917023
1598,0,0.9913657903671265
1599,0,0.5143646001815796
1600,0,0.3974035084247589
1601,0,0.6476505398750305
1602,0,0.04385685548186302
1603,0,0.020728187635540962
1604,0,0.08238787204027176
1605,0,0.20632697641849518
1606,0,0.01838414929807186
1607,0,0.258975088596344
1608,0,0.6965700387954712
1609,0,0.5033411383628845
1610,0,0.02386871911585331
1611,0,0.26002392172813416
1612,0,0.04409118369221687
1613,0,0.8588550090789795
1614,0,0.07881411164999008
1615,0,0.2607487738132477
1616,0,0.9851465821266174
1617,0,0.8275848031044006
1618,0,0.32071608304977417
1619,0,0.44014254212379456
1620,0,0.5544476509094238
1621,0,0.2535155713558197
1622,0,0.12842965126037598
1623,0,0.22305096685886383
1624,0,0.024751927703619003
1625,0,0.0034978364128619432
1626,0,0.06930381804704666
1627,0,0.4784857928752899
1628,0,0.012765436433255672
1629,0,0.09453488886356354
1630,0,0.6329225897789001
1631,0,0.1857314258813858
1632,0,0.8047416806221008
1633,0,0.010619754903018475
1634,0,0.3190440237522125
1635,0,0.004544202238321304
1636,0,0.578870952129364
1637,0,0.05229014903306961
1638,0,0.4561777114868164
1639,0,0.1319112330675125
1640,0,0.06605729460716248
1641,0,0.04932715743780136
1642,0,0.010849547572433949
1643,0,0.6768185496330261
1644,0,0.023694831877946854
1645,0,0.5516550540924072
1646,0,0.5691955089569092
1647,0,0.0015854163793846965
1648,0,0.18027088046073914
1649,0,0.5236032009124756
1650,0,0.42061400413513184
1651,0,0.019190466031432152
1652,0,0.13192738592624664
1653,0,0.058224424719810486
1654,0,0.10895273089408875
1655,0,0.3264114558696747
1656,0,0.6017051339149475
1657,0,0.3948312997817993
1658,0,0.0035188894253224134
1659,0,0.14504413306713104
1660,0,0.005952434614300728
1661,0,0.04368430748581886
1662,0,0.1103866696357727
1663,0,0.36944323778152466
1664,0,0.006747679319232702
1665,0,0.24761097133159637
1666,0,0.5667098760604858
1667,0,0.582082986831665
1668,0,0.10006676614284515
1669,0,0.17320667207241058
1670,0,0.02914286032319069
1671,0,0.015649870038032532
1672,0,0.033952370285987854
1673,0,0.3436861038208008
1674,0,0.03803914785385132
1675,0,0.36564382910728455
1676,0,0.00176993478089571
1677,0,0.03270107880234718
1678,0,0.15178051590919495
1679,0,0.06307771801948547
1680,0,0.035782068967819214
1681,0,0.2391664981842041
1682,0,0.8546099066734314
1683,0,0.3624294400215149
1684,0,0.4920698404312134
1685,0,0.5363779664039612
1686,0,0.35670411586761475
1687,0,0.5241991281509399
1688,0,0.6089994311332703
1689,0,0.015737028792500496
1690,0,0.04626023769378662
1691,0,0.024010546505451202
1692,0,0.21595771610736847
1693,0,0.17851996421813965
1694,0,0.23156553506851196
1695,0,0.07676069438457489
1696,0,0.05663791298866272
1697,0,0.4781055152416229
1698,0,0.00473931897431612
1699,0,0.036350637674331665
1700,0,0.00921912956982851
1701,0,0.6362705230712891
1702,0,0.08175089210271835
1703,0,0.5834261775016785
1704,0,0.1254715621471405
1705,0,0.027320316061377525
1706,0,0.011196202598512173
1707,0,0.014043132774531841
1708,0,0.06943430751562119
1709,0,0.32737717032432556
1710,0,0.5754374265670776
1711,0,0.03778345137834549
1712,0,0.07000932097434998
1713,0,0.08057743310928345
1714,0,0.035742226988077164
1715,0,0.3578839600086212
1716,0,0.6566689014434814
1717,0,0.033481523394584656
1718,0,0.03372340649366379
1719,0,0.057698871940374374
1720,0,0.022738467901945114
1721,0,0.6376588940620422
1722,0,0.8889147639274597
1723,0,0.14172431826591492
1724,0,0.18308179080486298
1725,0,0.8957217335700989
1726,0,0.34991326928138733
1727,0,0.06898180395364761
1728,0,0.0025558576453477144
1729,0,0.2247810661792755
1730,0,0.9388505220413208
1731,0,0.6708722710609436
1732,0,0.002267982345074415
1733,0,0.34991326928138733
1734,0,0.43300166726112366
1735,0,0.9671096801757812
1736,0,0.2465747743844986
1737,0,0.08816739916801453
1738,0,0.10758345574140549
1739,0,0.7458025217056274
1740,0,0.0031845809426158667
1741,0,0.38100317120552063
1742,0,0.353969007730484
1743,0,0.09942451864480972
1744,0,0.07980772852897644
1745,0,0.2618725597858429
1746,0,0.9514433741569519
1747,0,0.10492353141307831
1748,0,0.20267175137996674
1749,0,0.24868516623973846
1750,0,0.6167920827865601
1751,0,0.9545816779136658
1752,0,0.11325123906135559
1753,0,0.10924392938613892
1754,0,0.003911388572305441
1755,0,0.602519690990448
1756,0,0.5675245523452759
1757,0,0.3648673892021179
1758,0,0.37954074144363403
1759,0,0.8219065070152283
1760,0,0.10765092819929123
1761,0,0.005007415544241667
1762,0,0.2043590247631073
1763,0,0.6164507269859314
1764,0,0.3563067317008972
1765,0,0.10839441418647766
1766,0,0.11053360998630524
1767,0,0.2761518061161041
1768,0,0.262655645608902
1769,0,0.5821353197097778
1770,0,0.608180046081543
1771,0,0.03821265324950218
1772,0,0.007490192539989948
1773,0,0.27715209126472473
1774,0,0.11122680455446243
1775,0,0.08372461795806885
1776,0,0.34106796979904175
1777,0,0.011061551049351692
1778,0,0.4595683515071869
1779,0,0.12114014476537704
1780,0,0.010497061535716057
1781,0,0.10406211763620377
1782,0,0.9248800277709961
1783,0,0.46555787324905396
1784,0,0.5743404626846313
1785,0,0.5298290252685547
1786,0,0.032393258064985275
1787,0,0.639363706111908
1788,0,0.07989948242902756
1789,0,0.007336507085710764
1790,0,0.0059419251047074795
1791,0,0.046198658645153046
1792,0,0.16471508145332336
1793,0,0.22023408114910126
1794,0,0.09565398097038269
1795,0,0.010307288728654385
1796,0,0.4422532916069031
1797,0,0.1106378436088562
1798,0,0.5031905770301819
1799,0,0.09406041353940964
1800,0,0.9126696586608887
1801,0,0.5307992696762085
1802,0,0.003976686857640743
1803,0,0.527637779712677
1804,0,0.956873893737793
1805,0,0.7499616742134094
1806,0,0.022690005600452423
1807,0,0.19801734387874603
1808,0,0.09215284883975983
1809,0,0.010100613348186016
1810,0,0.11013123393058777
1811,0,0.41813185811042786
1812,0,0.3517407178878784
1813,0,0.10974550992250443
1814,0,0.10238008201122284
1815,0,0.006663515232503414
1816,0,0.03226266801357269
1817,0,0.02718832716345787
1818,0,0.013007108122110367
1819,0,0.44507670402526855
1820,0,0.05372191220521927
1821,0,0.025410184636712074
1822,0,0.10744617134332657
1823,0,0.023001516237854958
1824,0,0.24002651870250702
1825,0,0.0166835468262434
1826,0,0.013407834805548191
1827,0,0.7945986390113831
1828,0,0.8688149452209473
1829,0,0.5311435461044312
1830,0,0.10055063664913177
1831,0,0.20529834926128387
1832,0,0.11361537128686905
1833,0,0.06114353984594345
1834,0,0.3512492775917053
1835,0,0.8774764537811279
1836,0,0.28897544741630554
1837,0,0.6779741048812866
1838,0,0.005319534335285425
1839,0,0.0536857433617115
1840,0,0.605268120765686
1841,0,0.036437783390283585
1842,0,0.11147277057170868
1843,0,0.13504041731357574
1844,0,0.01503651961684227
1845,0,0.5014177560806274
1846,0,0.8076609969139099
1847,0,0.10414526611566544
1848,0,0.1547580510377884
1849,0,0.021855365484952927
1850,0,0.9189996123313904
1851,0,0.18057769536972046
1852,0,0.1879841387271881
1853,0,0.22023408114910126
1854,0,0.20236408710479736
1855,0,0.9458125233650208
1856,0,0.003638860769569874
1857,0,0.05536281317472458
1858,0,0.01383854541927576
1859,0,0.0873849093914032
1860,0,0.072566457092762
1861,0,0.8729851841926575
1862,0,0.16664429008960724
1863,0,0.41759195923805237
1864,0,0.12234140932559967
1865,0,0.011133703403174877
1866,0,0.02010057307779789
1867,0,0.005255761556327343
1868,0,0.09716193377971649
1869,0,0.0974692702293396
1870,0,0.1314385086297989
1871,0,0.32128745317459106
1872,0,0.24515150487422943
1873,0,0.55899977684021
1874,0,0.016015389934182167
1875,0,0.2819567918777466
1876,0,0.2808627784252167
1877,0,0.060252197086811066
1878,0,0.012577306479215622
1879,0,0.652561604976654
1880,0,0.269169420003891
1881,0,0.7696636319160461
1882,0,0.257926344871521
1883,0,0.10996735095977783
1884,0,0.007367401849478483
1885,0,0.3356378972530365
1886,0,0.0025645860005170107
1887,0,0.005031217355281115
1888,0,0.030574792996048927
1889,0,0.03531376272439957
1890,0,0.04556737095117569
1891,0,0.8731322288513184
1892,0,0.1476709544658661
1893,0,0.5247383117675781
1894,0,0.025772498920559883
1895,0,0.7017099857330322
1896,0,0.1990276277065277
1897,0,0.09391192346811295
1898,0,0.06391951441764832
1899,0,0.5402503609657288
1900,0,0.20783281326293945
1901,0,0.808932900428772
1902,0,0.1241864338517189
1903,0,0.5992363691329956
1904,0,0.2136789858341217
1905,0,0.021114220842719078
1906,0,0.012070786207914352
1907,0,0.14155632257461548
1908,0,0.6234852075576782
1909,0,0.4805113673210144
1910,0,0.018138078972697258
1911,0,0.3554772138595581
1912,0,0.03833051398396492
1913,0,0.044111862778663635
1914,0,0.5460888147354126
1915,0,0.5990960001945496
1916,0,0.04484987631440163
1917,0,0.9501520991325378
1918,0,0.016566168516874313
1919,0,0.9138332605361938
1920,0,0.8855071663856506
1921,0,0.02681475505232811
1922,0,0.016260839998722076
1923,0,0.36931878328323364
1924,0,0.5848448276519775
1925,0,0.01878548599779606
1926,0,0.5677343010902405
1927,0,0.7125604152679443
1928,0,0.23958514630794525
1929,0,0.6299610733985901
1930,0,0.5223032832145691
1931,0,0.6162657141685486
1932,0,0.10016258805990219
1933,0,0.6450119018554688
1934,0,0.018612230196595192
1935,0,0.30790549516677856
1936,0,0.12450409680604935
1937,0,0.12033696472644806
1938,0,0.7688446640968323
1939,0,0.0038559534586966038
1940,0,0.1045447289943695
1941,0,0.0022656938526779413
1942,0,0.015562587417662144
1943,0,0.06779567152261734
1944,0,0.008384397253394127
1945,0,0.09905871003866196
1946,0,0.08264386653900146
1947,0,0.05758310854434967
1948,0,0.01217617467045784
1949,0,0.27720898389816284
1950,0,0.7577031850814819
1951,0,0.34825941920280457
1952,0,0.013017578981816769
1953,0,0.0011596959084272385
1954,0,0.0277298204600811
1955,0,0.03714912757277489
1956,0,0.1092490628361702
1957,0,0.43120235204696655
1958,0,0.04184787720441818
1959,0,0.011944249272346497
1960,0,0.47598996758461
1961,0,0.001511185197159648
1962,0,0.09730453789234161
1963,0,0.17127954959869385
1964,0,0.2723497152328491
1965,0,0.7238421440124512
1966,0,0.6589012742042542
1967,0,0.9274023175239563
1968,0,0.23587745428085327
1969,0,0.6347190737724304
1970,0,0.26597630977630615
1971,0,0.03251471370458603
1972,0,0.5524295568466187
1973,0,0.2370872050523758
1974,0,0.26242709159851074
1975,0,0.05228796601295471
1976,0,0.24280180037021637
1977,0,0.754692792892456
1978,0,0.05838466063141823
1979,0,0.01031949557363987
1980,0,0.021858394145965576
1981,0,0.15547963976860046
1982,0,0.34991326928138733
1983,0,0.586891770362854
1984,0,0.06732486188411713
1985,0,0.3831813931465149
1986,0,0.42979833483695984
1987,0,0.17965233325958252
1988,0,0.013713191263377666
1989,0,0.0796588733792305
1990,0,0.005424128379672766
1991,0,0.24837207794189453
1992,0,0.016718745231628418
1993,0,0.008188772946596146
1994,0,0.3006258010864258
1995,0,0.048855870962142944
1996,0,0.12652088701725006
1997,0,0.11416839808225632
1998,0,0.11882840096950531
1999,0,0.08015505969524384
2000,0,0.5061290860176086
2001,0,0.009922889992594719
2002,0,0.21422179043293
2003,0,0.08367519080638885
2004,0,0.3449491262435913
2005,0,0.9414921998977661
2006,0,0.1815488189458847
2007,0,0.019617019221186638
2008,0,0.015181047841906548
2009,0,0.2925768196582794
2010,0,0.1718117892742157
2011,0,0.2287750393152237
2012,0,0.11729028820991516
2013,0,0.5005224943161011
2014,0,0.5833286046981812
2015,0,0.2679150700569153
2016,0,0.012470129877328873
2017,0,0.0019816660787910223
2018,0,0.34991326928138733
2019,0,0.14640763401985168
2020,0,0.4772081971168518
2021,0,0.09761227667331696
2022,0,0.002830566605553031
2023,0,0.13938629627227783
2024,0,0.4930221438407898
2025,0,0.007405838929116726
2026,0,0.49386894702911377
2027,0,0.6771963238716125
2028,0,0.2717881500720978
2029,0,0.008823477663099766
2030,0,0.7720094323158264
2031,0,0.48189330101013184
2032,0,0.20315763354301453
2033,0,0.281961053609848
2034,0,0.013580771163105965
2035,0,0.15925855934619904
2036,0,0.5828326344490051
2037,0,0.10538382083177567
2038,0,0.20908378064632416
2039,0,0.19983302056789398
2040,0,0.04729783162474632
2041,0,0.3043418228626251
2042,0,0.4539515972137451
2043,0,0.11652690917253494
2044,0,0.2698056399822235
2045,0,0.34016188979148865
2046,0,0.0012109448434785008
2047,0,0.039374805986881256
2048,0,0.10160672664642334
2049,0,0.542754590511322
2050,0,0.47888219356536865
2051,0,0.09605502337217331
2052,0,0.13856156170368195
2053,0,0.9042500257492065
2054,0,0.3714320957660675
2055,0,0.033596694469451904
2056,0,0.2157798707485199
2057,0,0.00686852540820837
2058,0,0.1465151011943817
2059,0,0.007833330892026424
2060,0,0.004012550693005323
2061,0,0.03216336667537689
2062,0,0.3799886405467987
2063,0,0.17445126175880432
2064,0,0.37909799814224243
2065,0,0.08363454788923264
2066,0,0.033943451941013336
2067,0,0.06881383806467056
2068,0,0.01522898580878973
2069,0,0.22925406694412231
2070,0,0.4238733649253845
2071,0,0.0144973024725914
2072,0,0.5493218898773193
2073,0,0.36091676354408264
2074,0,0.4602358937263489
2075,0,0.15018004179000854
2076,0,0.30282944440841675
2077,0,0.019341228529810905
2078,0,0.2297970950603485
2079,0,0.7299249768257141
2080,0,0.6535195112228394
2081,0,0.683201789855957
2082,0,0.41635364294052124
2083,0,0.04931212216615677
2084,0,0.04048652946949005
2085,0,0.31663617491722107
2086,0,0.008185818791389465
2087,0,0.20121528208255768
2088,0,0.8927842378616333
2089,0,0.17544548213481903
2090,0,0.30082640051841736
2091,0,0.03503858298063278
2092,0,0.8628774285316467
2093,0,0.01884249784052372
2094,0,0.18434667587280273
2095,0,0.024049382656812668
2096,0,0.019060974940657616
2097,0,0.9366406798362732
2098,0,0.006291615776717663
2099,0,0.172737255692482
2100,0,0.005054302513599396
2101,0,0.16952021420001984
2102,0,0.06552734971046448
2103,0,0.630944013595581
2104,0,0.0035145063884556293
2105,0,0.07026486843824387
2106,0,0.003388784360140562
2107,0,0.02654377929866314
2108,0,0.23057758808135986
2109,0,0.5949220061302185
2110,0,0.3604157865047455
2111,0,0.8240290284156799
2112,0,0.2593316435813904
2113,0,0.0028216398786753416
2114,0,0.0043563926592469215
2115,0,0.04019015654921532
2116,0,0.1564512401819229
2117,0,0.004817252047359943
2118,0,0.30494314432144165
2119,0,0.22471275925636292
2120,0,0.015398973599076271
2121,0,0.09895497560501099
2122,0,0.3226381838321686
2123,0,0.0016033631982281804
2124,0,0.011258942075073719
2125,0,0.34304186701774597
2126,0,0.003776914905756712
2127,0,0.004165245220065117
2128,0,0.13193456828594208
2129,0,0.007527241017669439
2130,0,0.011198951862752438
2131,0,0.2523425817489624
2132,0,0.5134471654891968
2133,0,0.2745508551597595
2134,0,0.009622808545827866
2135,0,0.4130028486251831
2136,0,0.0059603480622172356
2137,0,0.49224239587783813
2138,0,0.005869176704436541
2139,0,0.672127366065979
2140,0,0.0862172320485115
2141,0,0.1177467480301857
2142,0,0.011918799951672554
2143,0,0.11023299396038055
2144,0,0.44822341203689575
2145,0,0.4630553126335144
2146,0,0.5076512694358826
2147,0,0.18858812749385834
2148,0,0.13847830891609192
2149,0,0.004236911423504353
2150,0,0.12625478208065033
2151,0,0.014701471664011478
2152,0,0.5454362034797668
2153,0,0.005072335712611675
2154,0,0.020176414400339127
2155,0,0.0038967824075371027
2156,0,0.4386674463748932
2157,0,0.06015140935778618
2158,0,0.22023408114910126
2159,0,0.4950742721557617
2160,0,0.9629588723182678
2161,0,0.5947086811065674
2162,0,0.7757126092910767
2163,0,0.569133460521698
2164,0,0.9504334926605225
2165,0,0.005335473455488682
2166,0,0.008879433386027813
2167,0,0.08389357477426529
2168,0,0.03496779501438141
2169,0,0.6247210502624512
2170,0,0.5574575662612915
2171,0,0.7508661150932312
2172,0,0.3391539752483368
2173,0,0.9214738011360168
2174,0,0.05529727414250374
2175,0,0.23237702250480652
2176,0,0.15662334859371185
2177,0,0.2000739723443985
2178,0,0.026253512129187584
2179,0,0.06177528202533722
2180,0,0.22847697138786316
2181,0,0.22954358160495758
2182,0,0.3107674717903137
2183,0,0.16739371418952942
2184,0,0.041635069996118546
2185,0,0.2585643529891968
2186,0,0.06280694156885147
2187,0,0.2523549199104309
2188,0,0.12139090895652771
2189,0,0.0858897790312767
2190,0,0.6376816034317017
2191,0,0.7751536965370178
2192,0,0.14504413306713104
2193,0,0.1037716194987297
2194,0,0.18434667587280273
2195,0,0.015308977104723454
2196,0,0.276722252368927
2197,0,0.34991326928138733
2198,0,0.7885125875473022
2199,0,0.23423443734645844
2200,0,0.02195446938276291
2201,0,0.15913605690002441
2202,0,0.26376503705978394
2203,0,0.05870233103632927
2204,0,0.026101302355527878
2205,0,0.018171614035964012
2206,0,0.017700405791401863
2207,0,0.004643520340323448
2208,0,0.015304544009268284
2209,0,0.01510655228048563
2210,0,0.931643545627594
2211,0,0.14625661075115204
2212,0,0.012911299243569374
2213,0,0.5344167947769165
2214,0,0.43266046047210693
2215,0,0.11249692738056183
2216,0,0.4538124203681946
2217,0,0.10245202481746674
2218,0,0.011728157289326191
2219,0,0.4854975938796997
2220,0,0.20741403102874756
2221,0,0.007058439310640097
2222,0,0.0032197744585573673
2223,0,0.05071928724646568
2224,0,0.5271463990211487
2225,0,0.4939950406551361
2226,0,0.003522201208397746
2227,0,0.5204856991767883
2228,0,0.9286444783210754
2229,0,0.047977276146411896
2230,0,0.49954015016555786
2231,0,0.4097191095352173
2232,0,0.028674595057964325
2233,0,0.38655975461006165
2234,0,0.030206017196178436
2235,0,0.16229666769504547
2236,0,0.08461355417966843
2237,0,0.02589627541601658
2238,0,0.003050194587558508
2239,0,0.03494320809841156
2240,0,0.0033491849899291992
2241,0,0.014255516231060028
2242,0,0.3143080174922943
2243,0,0.4181605577468872
2244,0,0.041750770062208176
2245,0,0.5683858394622803
2246,0,0.30750346183776855
2247,0,0.753614068031311
2248,0,0.023458506911993027
2249,0,0.04821912199258804
2250,0,0.7143754959106445
2251,0,0.11175277084112167
2252,0,0.1845071017742157
2253,0,0.2776239216327667
2254,0,0.15989907085895538
2255,0,0.1793307065963745
2256,0,0.8513152003288269
2257,0,0.16046978533267975
2258,0,0.27025020122528076
2259,0,0.2209925800561905
2260,0,0.011197342537343502
2261,0,0.5553896427154541
2262,0,0.15989907085895538
2263,0,0.6700232028961182
2264,0,0.9298625588417053
2265,0,0.21755993366241455
2266,0,0.8361886143684387
2267,0,0.1739017814397812
2268,0,0.006702126003801823
2269,0,0.008135444484651089
2270,0,0.1932944357395172
2271,0,0.2196311503648758
2272,0,0.14546875655651093
2273,0,0.13293838500976562
2274,0,0.3850109577178955
2275,0,0.26580625772476196
2276,0,0.09368760138750076
2277,0,0.07693161070346832
2278,0,0.8575531244277954
2279,0,0.3714893162250519
2280,0,0.370412141084671
2281,0,0.22183145582675934
2282,0,0.7504380345344543
2283,0,0.012761669233441353
2284,0,0.34991326928138733
2285,0,0.011046094819903374
2286,0,0.9837207794189453
2287,0,0.40626809000968933
2288,0,0.005037353839725256
2289,0,0.04636075720191002
2290,0,0.019260384142398834
2291,0,0.2777131497859955
2292,0,0.17736761271953583
2293,0,0.24811413884162903
2294,0,0.3988848030567169
2295,0,0.026232268661260605
2296,0,0.5206837058067322
2297,0,0.05411270633339882
2298,0,0.025655904784798622
2299,0,0.005529086105525494
2300,0,0.060522086918354034
2301,0,0.039907194674015045
2302,0,0.05845754221081734
2303,0,0.05352810025215149
2304,0,0.166092187166214
2305,0,0.134195476770401
2306,0,0.04693936929106712
2307,0,0.10507788509130478
2308,0,0.5369884371757507
2309,0,0.15627257525920868
2310,0,0.4122454822063446
2311,0,0.1830758899450302
2312,0,0.1065526083111763
2313,0,0.01959412731230259
2314,0,0.712888777256012
2315,0,0.5256434082984924
2316,0,0.01670239306986332
2317,0,0.0024054364766925573
2318,0,0.01763833872973919
2319,0,0.9609586596488953
2320,0,0.3746788203716278
2321,0,0.23010443150997162
2322,0,0.0012594067957252264
2323,0,0.006158245727419853
2324,0,0.9414823651313782
2325,0,0.18191377818584442
2326,0,0.004758545197546482
2327,0,0.20265261828899384
2328,0,0.022967234253883362
2329,0,0.15796805918216705
2330,0,0.6537462472915649
2331,0,0.2501281797885895
2332,0,0.025682104751467705
2333,0,0.00863992515951395
2334,0,0.2117605060338974
2335,0,0.1622598022222519
2336,0,0.48816853761672974
2337,0,0.23497633635997772
2338,0,0.13764485716819763
2339,0,0.1571928709745407
2340,0,0.01413729414343834
2341,0,0.25913798809051514
2342,0,0.028809258714318275
2343,0,0.019053766503930092
2344,0,0.13837623596191406
2345,0,0.13129104673862457
2346,0,0.23599085211753845
2347,0,0.5418863892555237
2348,0,0.02492343820631504
2349,0,0.25704044103622437
2350,0,0.027050968259572983
2351,0,0.006907867267727852
2352,0,0.7192292809486389
2353,0,0.638229250907898
2354,0,0.016755878925323486
2355,0,0.1440330296754837
2356,0,0.14245040714740753
2357,0,0.2119772732257843
2358,0,0.021963316947221756
2359,0,0.8587374091148376
2360,0,0.06583471596240997
2361,0,0.37494993209838867
2362,0,0.14351527392864227
2363,0,0.35137277841567993
2364,0,0.09591931104660034
2365,0,0.4522665739059448
2366,0,0.23421210050582886
2367,0,0.7026431560516357
2368,0,0.9496970772743225
2369,0,0.1514500230550766
2370,0,0.10614461451768875
2371,0,0.010105982422828674
2372,0,0.01867322064936161
2373,0,0.28462836146354675
2374,0,0.6951217651367188
2375,0,0.914821445941925
2376,0,0.025226932018995285
2377,0,0.018613917753100395
2378,0,0.14599448442459106
2379,0,0.20589303970336914
2380,0,0.22783678770065308
2381,0,0.8847008943557739
2382,0,0.013264155015349388
2383,0,0.16621457040309906
2384,0,0.7061628699302673
2385,0,0.9781084060668945
2386,0,0.006423639599233866
2387,0,0.03468748554587364
2388,0,0.8152019381523132
2389,0,0.033267389982938766
2390,0,0.14504413306713104
2391,0,0.002629718277603388
2392,0,0.07832565158605576
2393,0,0.2907800078392029
2394,0,0.025846904143691063
2395,0,0.37854108214378357
2396,0,0.01896599307656288
2397,0,0.15940691530704498
2398,0,0.2319614589214325
2399,0,0.21041502058506012
2400,0,0.0042895786464214325
2401,0,0.04123467579483986
2402,0,0.631900429725647
2403,0,0.020818769931793213
2404,0,0.12279615551233292
2405,0,0.003109866986051202
2406,0,0.5062811374664307
2407,0,0.5279852151870728
2408,0,0.46512579917907715
2409,0,0.19758930802345276
2410,0,0.028688734397292137
2411,0,0.04076797515153885
2412,0,0.02024025097489357
2413,0,0.020378822460770607
2414,0,0.04096733406186104
2415,0,0.1474088877439499
2416,0,0.06081600859761238
2417,0,0.5330921411514282
2418,0,0.5977941155433655
2419,0,0.03473282605409622
2420,0,0.021638963371515274
2421,0,0.5557969808578491
2422,0,0.010556837543845177
2423,0,0.00324189942330122
2424,0,0.028865693137049675
2425,0,0.8958030343055725
2426,0,0.6217612028121948
2427,0,0.4485436677932739
2428,0,0.02227778732776642
2429,0,0.9657883644104004
2430,0,0.565491795539856
2431,0,0.9458211660385132
2432,0,0.14935465157032013
2433,0,0.2627265155315399
2434,0,0.4050350487232208
2435,0,0.35359516739845276
2436,0,0.02813098020851612
2437,0,0.46857741475105286
2438,0,0.013449648395180702
2439,0,0.2587790787220001
2440,0,0.020424891263246536
2441,0,0.22023408114910126
2442,0,0.12477964162826538
2443,0,0.0014553387882187963
2444,0,0.07982206344604492
2445,0,0.5069543123245239
2446,0,0.44086289405822754
2447,0,0.11878211796283722
2448,0,0.0548257939517498
2449,0,0.3292170464992523
2450,0,0.9714445471763611
2451,0,0.6130615472793579
2452,0,0.21399199962615967
2453,0,0.048573147505521774
2454,0,0.2590618133544922
2455,0,0.11596447974443436
2456,0,0.030071699991822243
2457,0,0.4394971430301666
2458,0,0.04656747728586197
2459,0,0.3068658113479614
2460,0,0.03465799242258072
2461,0,0.3262783885002136
2462,0,0.03829064220190048
2463,0,0.7504282593727112
2464,0,0.5074225664138794
2465,0,0.02635560743510723
2466,0,0.4281580448150635
2467,0,0.00503012677654624
2468,0,0.1528940349817276
2469,0,0.3899136185646057
2470,0,0.2850407660007477
2471,0,0.1761699765920639
2472,0,0.7479875087738037
2473,0,0.6132084131240845
2474,0,0.08135039359331131
2475,0,0.11924151331186295
2476,0,0.13869953155517578
2477,0,0.01985035091638565
2478,0,0.030885374173521996
2479,0,0.02384093776345253
2480,0,0.9124818444252014
2481,0,0.024443384259939194
2482,0,0.05666911602020264
2483,0,0.7154182195663452
2484,0,0.04600840061903
2485,0,0.01740717515349388
2486,0,0.45767325162887573
2487,0,0.36871564388275146
2488,0,0.5491400361061096
2489,0,0.6272187232971191
2490,0,0.4016639292240143
2491,0,0.07891353219747543
2492,0,0.28406545519828796
2493,0,0.492217093706131
2494,0,0.1087997630238533
2495,0,0.4102311432361603
2496,0,0.03069675900042057
2497,0,0.018756911158561707
2498,0,0.29209861159324646
2499,0,0.01431306079030037
2500,0,0.29094046354293823
2501,0,0.06430608034133911
2502,0,0.1884995549917221
2503,0,0.0824638083577156
2504,0,0.0022842970211058855
2505,0,0.003985545132309198
2506,0,0.40899771451950073
2507,0,0.7969636917114258
2508,0,0.009080758318305016
2509,0,0.504879891872406
2510,0,0.113255076110363
2511,0,0.5868227481842041
2512,0,0.03205709531903267
2513,0,0.0468282587826252
2514,0,0.002425646875053644
2515,0,0.0027519124560058117
2516,0,0.02201988734304905
2517,0,0.25983351469039917
2518,0,0.11247589439153671
2519,0,0.3588027060031891
2520,0,0.37597066164016724
2521,0,0.18714894354343414
2522,0,0.8901591300964355
2523,0,0.004499765578657389
2524,0,0.1411823034286499
2525,0,0.27065250277519226
2526,0,0.005380481015890837
2527,0,0.004008840303868055
2528,0,0.609332799911499
2529,0,0.5613231062889099
2530,0,0.28715336322784424
2531,0,0.014394840225577354
2532,0,0.32268476486206055
2533,0,0.11721361428499222
2534,0,0.04924580827355385
2535,0,0.22069741785526276
2536,0,0.5685068368911743
2537,0,0.06357993930578232
2538,0,0.06023204326629639
2539,0,0.0018117687432095408
2540,0,0.18434667587280273
2541,0,0.12463561445474625
2542,0,0.0036085888277739286
2543,0,0.06316216289997101
2544,0,0.2980353832244873
2545,0,0.621394693851471
2546,0,0.12648627161979675
2547,0,0.33935776352882385
2548,0,0.06313791871070862
2549,0,0.5419511795043945
2550,0,0.005080084782093763
2551,0,0.4714859426021576
2552,0,0.012259299866855145
2553,0,0.19326096773147583
2554,0,0.9492401480674744
2555,0,0.13764485716819763
2556,0,0.9338739514350891
2557,0,0.12056175619363785
2558,0,0.08852852880954742
2559,0,0.7015813589096069
2560,0,0.18316702544689178
2561,0,0.05367757007479668
2562,0,0.3424544930458069
2563,0,0.15012189745903015
2564,0,0.09107764065265656
2565,0,0.9724628925323486
2566,0,0.029991138726472855
2567,0,0.5137315988540649
2568,0,0.2804771661758423
2569,0,0.0031531250569969416
2570,0,0.04673176258802414
2571,0,0.6991053819656372
2572,0,0.08968549221754074
2573,0,0.06294383108615875
2574,0,0.16695992648601532
2575,0,0.17006899416446686
2576,0,0.6177306771278381
2577,0,0.07136732339859009
2578,0,0.09846978634595871
2579,0,0.04928804188966751
2580,0,0.04034670442342758
2581,0,0.21351438760757446
2582,0,0.24219796061515808
2583,0,0.2609006464481354
2584,0,0.041871123015880585
2585,0,0.004832458682358265
2586,0,0.23220635950565338
2587,0,0.03203606978058815
2588,0,0.16314367949962616
2589,0,0.016780035570263863
2590,0,0.29858729243278503
2591,0,0.7720356583595276
2592,0,0.6551385521888733
2593,0,0.6102956533432007
2594,0,0.5787187218666077
2595,0,0.033405009657144547
2596,0,0.10338836908340454
2597,0,0.6130854487419128
2598,0,0.004215259570628405
2599,0,0.5551625490188599
2600,0,0.031082453206181526
2601,0,0.15738824009895325
2602,0,0.14383111894130707
2603,0,0.10738573223352432
2604,0,0.010227086022496223
2605,0,0.21229729056358337
2606,0,0.032288338989019394
2607,0,0.012392506934702396
2608,0,0.00904435571283102
2609,0,0.6501527428627014
2610,0,0.026201514527201653
2611,0,0.5635768175125122
2612,0,0.04737810418009758
2613,0,0.011975058354437351
2614,0,0.024632183834910393
2615,0,0.5224746465682983
2616,0,0.06954784691333771
2617,0,0.04271943122148514
2618,0,0.0034446273930370808
2619,0,0.5194324851036072
2620,0,0.020986884832382202
2621,0,0.002384635154157877
2622,0,0.8537883758544922
2623,0,0.3053407669067383
2624,0,0.25034788250923157
2625,0,0.029647989198565483
2626,0,0.002492486033588648
2627,0,0.23480723798274994
2628,0,0.015991218388080597
2629,0,0.004915989004075527
2630,0,0.11560588330030441
2631,0,0.4143841862678528
2632,0,0.783266007900238
2633,0,0.7789324522018433
2634,0,0.759783923625946
2635,0,0.6844125986099243
2636,0,0.0029248525388538837
2637,0,0.0042916564270854
2638,0,0.3684270977973938
2639,0,0.5396100878715515
2640,0,0.009971150197088718
2641,0,0.17959372699260712
2642,0,0.03246932104229927
2643,0,0.7756029963493347
2644,0,0.41422244906425476
2645,0,0.007614916190505028
2646,0,0.5136300921440125
2647,0,0.34991326928138733
2648,0,0.02672223187983036
2649,0,0.016705134883522987
2650,0,0.0939260795712471
2651,0,0.6267094612121582
2652,0,0.03173969313502312
2653,0,0.053340282291173935
2654,0,0.19765470921993256
2655,0,0.39616647362709045
2656,0,0.06605051457881927
2657,0,0.6937999129295349
2658,0,0.5944482088088989
2659,0,0.01680135540664196
2660,0,0.3411797881126404
2661,0,0.29581695795059204
2662,0,0.869434118270874
2663,0,0.4715508222579956
2664,0,0.06889353692531586
2665,0,0.008087129332125187
2666,0,0.016255661845207214
2667,0,0.5175057053565979
2668,0,0.18434667587280273
2669,0,0.08088234812021255
2670,0,0.10356270521879196
2671,0,0.35307687520980835
2672,0,0.6931424140930176
2673,0,0.9822547435760498
2674,0,0.2595997452735901
2675,0,0.21878620982170105
2676,0,0.08810511231422424
2677,0,0.014064625836908817
2678,0,0.03227640688419342
2679,0,0.8015798926353455
2680,0,0.16056348383426666
2681,0,0.018936028704047203
2682,0,0.1845126748085022
2683,0,0.03959087282419205
2684,0,0.6436575055122375
2685,0,0.006055340636521578
2686,0,0.15532132983207703
2687,0,0.772487461566925
2688,0,0.002752265427261591
2689,0,0.31122174859046936
2690,0,0.2548780143260956
2691,0,0.019904807209968567
2692,0,0.023579204455018044
2693,0,0.3595122992992401
2694,0,0.4117104113101959
2695,0,0.19704098999500275
2696,0,0.12680639326572418
2697,0,0.005994741339236498
2698,0,0.13764485716819763
2699,0,0.5257494449615479
2700,0,0.37124133110046387
2701,0,0.22023408114910126
2702,0,0.3783968985080719
2703,0,0.5913386940956116
2704,0,0.018946142867207527
2705,0,0.2436656802892685
2706,0,0.24374474585056305
2707,0,0.20970836281776428
2708,0,0.06507285684347153
2709,0,0.03210446983575821
2710,0,0.5993043780326843
2711,0,0.18509560823440552
2712,0,0.10674453526735306
2713,0,0.09479795396327972
2714,0,0.0062801106832921505
2715,0,0.21629416942596436
2716,0,0.18033169209957123
2717,0,0.1515478491783142
2718,0,0.09060602635145187
2719,0,0.14189156889915466
2720,0,0.13290239870548248
2721,0,0.7462691068649292
2722,0,0.0017007465939968824
2723,0,0.024863362312316895
2724,0,0.18472826480865479
2725,0,0.13028256595134735
2726,0,0.8929775357246399
2727,0,0.11869236081838608
2728,0,0.02655641734600067
2729,0,0.03477081283926964
