system:index,count,date,max,mean,median,min,month,p25,p5,p75,p95,stdDev,unit,variable,year,.geo
200001,119635,2000-01-01,233.1000061,44.09737727,35.45244795,4.900000095,1,19.4463944,7.268876625,56.45781689,115.4128879,35.07456265,mm,SOIL,2000,"{""type"":""MultiPoint"",""coordinates"":[]}"
200002,119635,2000-02-01,233.1000061,44.21489927,35.45303713,4.900000095,2,19.44607351,7.268876625,56.45769733,115.4133585,35.24184497,mm,SOIL,2000,"{""type"":""MultiPoint"",""coordinates"":[]}"
200003,119635,2000-03-01,238.6999969,47.51840386,37.45178876,4.900000095,3,20.45481727,7.267883165,61.45979775,128.4467532,38.36894064,mm,SOIL,2000,"{""type"":""MultiPoint"",""coordinates"":[]}"
200004,119635,2000-04-01,238.6999969,61.35093588,51.4402463,5.5,4,35.451202,22.46571299,79.45168098,132.4296618,36.12536949,mm,SOIL,2000,"{""type"":""MultiPoint"",""coordinates"":[]}"
200005,119635,2000-05-01,228.8000031,60.77726677,53.45161206,8.300000191,5,36.44704004,20.43930848,77.44017261,124.4380649,33.1211265,mm,SOIL,2000,"{""type"":""MultiPoint"",""coordinates"":[]}"
200006,119635,2000-06-01,215.1999969,46.02823661,39.43252431,7.300000191,6,27.45081439,14.40469272,56.43479599,102.4249492,28.17211792,mm,SOIL,2000,"{""type"":""MultiPoint"",""coordinates"":[]}"
200007,119635,2000-07-01,181.1000061,38.93141973,34.44021583,5.800000191,7,21.4660381,10.44226371,50.44058228,82.43623127,23.31387172,mm,SOIL,2000,"{""type"":""MultiPoint"",""coordinates"":[]}"
200008,119635,2000-08-01,164.3999939,39.62240991,35.44481809,4.900000095,8,25.44123994,11.45258748,51.44671725,78.48184075,20.71524563,mm,SOIL,2000,"{""type"":""MultiPoint"",""coordinates"":[]}"
200009,119635,2000-09-01,181.3000031,40.78702497,35.43959665,4.199999809,9,23.44622792,11.46346406,54.45049558,84.45156636,23.36022258,mm,SOIL,2000,"{""type"":""MultiPoint"",""coordinates"":[]}"
200010,119635,2000-10-01,226,48.01892931,41.45699031,4,10,26.45607126,10.46459601,64.45082116,101.44822,30.01567179,mm,SOIL,2000,"{""type"":""MultiPoint"",""coordinates"":[]}"
200011,119635,2000-11-01,226,48.53804123,42.44845663,4,11,27.44499766,10.46372777,64.44700842,103.418803,30.71581918,mm,SOIL,2000,"{""type"":""MultiPoint"",""coordinates"":[]}"
200012,119635,2000-12-01,226,48.66828062,42.44845663,4,12,27.4454192,10.46372777,64.4470587,103.4200757,31.02932927,mm,SOIL,2000,"{""type"":""MultiPoint"",""coordinates"":[]}"
200101,119635,2001-01-01,226,48.83843501,42.44867963,4,1,27.44481199,10.46365543,64.44467688,104.4205532,31.20356508,mm,SOIL,2001,"{""type"":""MultiPoint"",""coordinates"":[]}"
200102,119635,2001-02-01,226,48.84465457,42.44867963,4,2,27.44516674,10.46365543,64.44426882,104.4205532,31.21155284,mm,SOIL,2001,"{""type"":""MultiPoint"",""coordinates"":[]}"
200103,119635,2001-03-01,226.6999969,52.23140824,45.45736395,4.900000095,3,29.42566374,10.46705057,69.44338577,110.4310504,32.8718745,mm,SOIL,2001,"{""type"":""MultiPoint"",""coordinates"":[]}"
200104,119635,2001-04-01,238.6999969,60.30597301,53.44432029,5.5,4,34.44709608,15.4617737,78.45873024,123.4763977,35.23014459,mm,SOIL,2001,"{""type"":""MultiPoint"",""coordinates"":[]}"
200105,119635,2001-05-01,228.8999939,56.10281222,49.49892191,4.900000095,5,30.45102453,13.44843538,76.44677348,119.4879968,34.23550467,mm,SOIL,2001,"{""type"":""MultiPoint"",""coordinates"":[]}"
200106,119635,2001-06-01,224,50.79699154,43.45307421,4.5,6,26.45267725,10.44919936,69.44778704,112.4357144,32.90250141,mm,SOIL,2001,"{""type"":""MultiPoint"",""coordinates"":[]}"
200107,119635,2001-07-01,169.8000031,39.54231575,35.45349764,4.099999905,7,21.4395761,10.41890903,53.44358438,83.44417429,23.1220837,mm,SOIL,2001,"{""type"":""MultiPoint"",""coordinates"":[]}"
200108,119635,2001-08-01,201,34.34315384,29.42645957,3.700000048,8,15.44382424,8.486151578,47.44875959,77.46146343,23.4134424,mm,SOIL,2001,"{""type"":""MultiPoint"",""coordinates"":[]}"
200109,119635,2001-09-01,199.1000061,33.57174287,28.46735602,3.5,9,13.45769475,7.431436426,47.45285759,79.44210515,24.52813078,mm,SOIL,2001,"{""type"":""MultiPoint"",""coordinates"":[]}"
200110,119635,2001-10-01,226,44.37878091,37.44999422,3.299999952,10,19.45144503,7.422704465,61.4727664,100.4492188,31.77839558,mm,SOIL,2001,"{""type"":""MultiPoint"",""coordinates"":[]}"
200111,119635,2001-11-01,226,47.59190095,40.44268684,3.299999952,11,21.44966765,8.458535119,64.44483747,111.473153,34.30033955,mm,SOIL,2001,"{""type"":""MultiPoint"",""coordinates"":[]}"
200112,119635,2001-12-01,226,47.67449068,40.44249635,3.299999952,12,21.45078588,8.458780807,64.44510556,111.467421,34.48202948,mm,SOIL,2001,"{""type"":""MultiPoint"",""coordinates"":[]}"
200201,119635,2002-01-01,233.1000061,47.75345283,40.44278157,3.299999952,1,21.4503552,8.458856287,64.44515819,111.4688074,34.68918586,mm,SOIL,2002,"{""type"":""MultiPoint"",""coordinates"":[]}"
200202,119635,2002-02-01,233.1000061,47.95902447,40.44440063,3.299999952,2,21.44947428,8.459111302,64.44394371,112.4473361,35.03656171,mm,SOIL,2002,"{""type"":""MultiPoint"",""coordinates"":[]}"
200203,119635,2002-03-01,233.1000061,48.11006335,40.44382071,3.299999952,3,21.44954777,8.45888162,64.44318398,112.4512965,35.14231557,mm,SOIL,2002,"{""type"":""MultiPoint"",""coordinates"":[]}"
200204,119635,2002-04-01,238.6999969,55.49648058,45.45003566,3.5,4,25.44032101,9.444911082,76.43527064,130.4276024,39.53851062,mm,SOIL,2002,"{""type"":""MultiPoint"",""coordinates"":[]}"
200205,119635,2002-05-01,236.1999969,66.63925817,59.44224299,3.400000095,5,41.44974656,24.56838318,87.47032399,128.4300858,34.77421711,mm,SOIL,2002,"{""type"":""MultiPoint"",""coordinates"":[]}"
200206,119635,2002-06-01,203.1000061,47.13844245,40.44296199,3.200000048,6,27.45249937,14.46127515,60.46165126,99.42139541,27.94405821,mm,SOIL,2002,"{""type"":""MultiPoint"",""coordinates"":[]}"
200207,119635,2002-07-01,156.5,35.81128258,30.45120824,3,7,20.45984231,11.47430115,43.45512771,83.45243717,22.77697113,mm,SOIL,2002,"{""type"":""MultiPoint"",""coordinates"":[]}"
200208,119635,2002-08-01,137,28.35087056,22.43819998,2.900000095,8,14.45129494,8.474922038,35.44553838,71.460811,19.62838005,mm,SOIL,2002,"{""type"":""MultiPoint"",""coordinates"":[]}"
200209,119635,2002-09-01,138.5,35.28710073,30.43825019,2.700000048,9,17.44234618,8.507003465,50.45061159,76.42183404,21.93710967,mm,SOIL,2002,"{""type"":""MultiPoint"",""coordinates"":[]}"
200210,119635,2002-10-01,143.6000061,38.28251139,32.44320504,5.5,10,20.46080878,12.4686372,52.4436543,81.42065428,22.01895505,mm,SOIL,2002,"{""type"":""MultiPoint"",""coordinates"":[]}"
200211,119635,2002-11-01,226,45.08506172,37.4500889,5.099999905,11,25.44206777,13.45058406,59.44828646,94.4458392,28.10924102,mm,SOIL,2002,"{""type"":""MultiPoint"",""coordinates"":[]}"
200212,119635,2002-12-01,231.8000031,46.13036864,38.44365718,5.099999905,12,25.44127019,13.45006431,59.44832678,99.4393466,29.93542813,mm,SOIL,2002,"{""type"":""MultiPoint"",""coordinates"":[]}"
200301,119635,2003-01-01,233.1000061,46.85856298,38.44465981,5.099999905,1,25.44095411,13.44969244,60.45242258,102.4340662,31.31384724,mm,SOIL,2003,"{""type"":""MultiPoint"",""coordinates"":[]}"
200302,119635,2003-02-01,233.1000061,46.94894516,38.44322639,5.099999905,2,25.44143144,13.44988947,60.45087155,102.4349493,31.47892374,mm,SOIL,2003,"{""type"":""MultiPoint"",""coordinates"":[]}"
200303,119635,2003-03-01,238.6999969,49.22216951,39.4345879,5.099999905,3,25.43809495,13.44988928,63.44307171,113.4404763,34.42032853,mm,SOIL,2003,"{""type"":""MultiPoint"",""coordinates"":[]}"
200304,119635,2003-04-01,238.6999969,72.80606553,64.45245585,5.800000191,4,46.44530811,27.44770015,95.44982364,141.4841103,36.60846721,mm,SOIL,2003,"{""type"":""MultiPoint"",""coordinates"":[]}"
200305,119635,2003-05-01,228.8999939,62.76099661,55.45281355,10,5,37.44190978,21.34658837,80.45005704,125.4640245,33.43515919,mm,SOIL,2003,"{""type"":""MultiPoint"",""coordinates"":[]}"
200306,119635,2003-06-01,178.6000061,44.59661637,38.43980149,7.699999809,6,27.46112411,14.40250686,57.44340103,93.43420205,24.50117008,mm,SOIL,2003,"{""type"":""MultiPoint"",""coordinates"":[]}"
200307,119635,2003-07-01,130.6000061,28.94992083,25.69716983,5.800000191,7,17.19754524,11.19205908,36.19950865,59.69531519,15.33842989,mm,SOIL,2003,"{""type"":""MultiPoint"",""coordinates"":[]}"
200308,119635,2003-08-01,124,26.30687949,21.70226738,4.900000095,8,14.19823877,8.730066457,34.19826406,57.70869572,16.34649526,mm,SOIL,2003,"{""type"":""MultiPoint"",""coordinates"":[]}"
200309,119635,2003-09-01,128.1999969,31.10463494,26.19131305,4.199999809,9,15.20191321,7.707667684,42.70576809,71.70344825,20.38770726,mm,SOIL,2003,"{""type"":""MultiPoint"",""coordinates"":[]}"
200310,119635,2003-10-01,226,48.36026867,41.45073622,5.199999809,10,26.45908866,8.4065803,64.44805685,103.4306451,31.53487641,mm,SOIL,2003,"{""type"":""MultiPoint"",""coordinates"":[]}"
200311,119635,2003-11-01,226,48.49998465,41.45010526,5.199999809,11,26.45879655,8.406336593,64.4490548,104.4614212,31.74428867,mm,SOIL,2003,"{""type"":""MultiPoint"",""coordinates"":[]}"
200312,119635,2003-12-01,226,48.62796892,41.45228707,5.199999809,12,26.45916894,8.406336593,65.46148502,104.4597989,31.79075571,mm,SOIL,2003,"{""type"":""MultiPoint"",""coordinates"":[]}"
200401,119635,2004-01-01,226,48.63322032,41.45228707,5.199999809,1,26.45916894,8.406336593,65.46148502,104.4597989,31.80838149,mm,SOIL,2004,"{""type"":""MultiPoint"",""coordinates"":[]}"
200402,119635,2004-02-01,231.8999939,49.07073957,42.43674709,5.199999809,2,27.44438705,8.406383959,65.4634459,104.4625615,32.01243861,mm,SOIL,2004,"{""type"":""MultiPoint"",""coordinates"":[]}"
200403,119635,2004-03-01,238.6999969,55.60800683,46.44421084,5.199999809,3,29.44033349,10.41825534,74.4570389,126.4492892,37.45711924,mm,SOIL,2004,"{""type"":""MultiPoint"",""coordinates"":[]}"
200404,119635,2004-04-01,238,66.08589149,58.44346774,9.600000381,4,43.45017723,28.47805421,81.43649737,125.4551881,31.33028136,mm,SOIL,2004,"{""type"":""MultiPoint"",""coordinates"":[]}"
200405,119635,2004-05-01,230.6000061,56.45434009,49.48533099,8.399999619,5,33.43041403,19.49694148,70.43649743,121.4380035,32.51148195,mm,SOIL,2004,"{""type"":""MultiPoint"",""coordinates"":[]}"
200406,119635,2004-06-01,190,35.32104941,28.45135602,4.400000095,6,18.4441022,12.47594595,42.43337036,86.4494417,24.33767012,mm,SOIL,2004,"{""type"":""MultiPoint"",""coordinates"":[]}"
200407,119635,2004-07-01,132.1000061,24.20424555,21.19882305,5,7,14.69351364,9.705635214,29.19618142,49.71733863,13.51532888,mm,SOIL,2004,"{""type"":""MultiPoint"",""coordinates"":[]}"
200408,119635,2004-08-01,197.6000061,27.35737173,20.44965455,3.700000048,8,14.47907494,8.540386928,33.44124605,70.4516749,21.27353532,mm,SOIL,2004,"{""type"":""MultiPoint"",""coordinates"":[]}"
200409,119635,2004-09-01,226,41.72485009,37.44217003,4.800000191,9,22.43637151,8.418657016,54.45044258,88.43443764,26.73859863,mm,SOIL,2004,"{""type"":""MultiPoint"",""coordinates"":[]}"
200410,119635,2004-10-01,226,47.80878464,41.44833253,4.400000095,10,26.45648328,10.40472277,62.44637698,101.4350944,30.28893888,mm,SOIL,2004,"{""type"":""MultiPoint"",""coordinates"":[]}"
200411,119635,2004-11-01,226,49.81169213,42.44716041,4.400000095,11,27.45686772,10.40275642,64.45024086,108.4762847,31.97705829,mm,SOIL,2004,"{""type"":""MultiPoint"",""coordinates"":[]}"
200412,119635,2004-12-01,226,50.04764588,42.44658742,4.400000095,12,27.45840314,10.40275642,65.45753929,109.4672223,32.36052021,mm,SOIL,2004,"{""type"":""MultiPoint"",""coordinates"":[]}"
200501,119635,2005-01-01,226,50.05630385,42.44658742,4.400000095,1,27.45840314,10.40275642,65.45726192,109.4681564,32.38583877,mm,SOIL,2005,"{""type"":""MultiPoint"",""coordinates"":[]}"
200502,119635,2005-02-01,228.3000031,50.2557921,42.44524555,4.400000095,2,27.4576744,10.40275642,65.45787848,110.4295531,32.68748333,mm,SOIL,2005,"{""type"":""MultiPoint"",""coordinates"":[]}"
200503,119635,2005-03-01,238.6999969,54.97295942,45.45050134,6.5,3,28.47833857,11.45500964,72.45042533,124.4444627,37.07773044,mm,SOIL,2005,"{""type"":""MultiPoint"",""coordinates"":[]}"
200504,119635,2005-04-01,238.6999969,69.20691494,61.44609878,8.199999809,4,45.45524814,29.42653869,87.46425414,128.4458243,32.64937788,mm,SOIL,2005,"{""type"":""MultiPoint"",""coordinates"":[]}"
200505,119635,2005-05-01,228.8000031,52.35761433,43.44911093,6.900000095,5,29.43417391,18.51060215,65.449262,118.4583891,32.71322488,mm,SOIL,2005,"{""type"":""MultiPoint"",""coordinates"":[]}"
200506,119635,2005-06-01,228.8000031,44.37195738,35.45744101,6.400000095,6,24.48557767,13.50083605,54.44449223,112.4731709,31.48766966,mm,SOIL,2005,"{""type"":""MultiPoint"",""coordinates"":[]}"
200507,119635,2005-07-01,168.8000031,37.08136573,31.44202878,5,7,22.4402158,11.38513464,46.43903471,78.47440084,21.45787913,mm,SOIL,2005,"{""type"":""MultiPoint"",""coordinates"":[]}"
200508,119635,2005-08-01,133.8999939,31.7564355,27.44157402,4.300000191,8,17.43470064,9.40025287,41.45804893,67.42336173,18.67035818,mm,SOIL,2005,"{""type"":""MultiPoint"",""coordinates"":[]}"
200509,119635,2005-09-01,152.8000031,35.00518478,31.45181329,3.599999905,9,18.44755283,8.376007604,46.43878787,72.42218098,20.42233018,mm,SOIL,2005,"{""type"":""MultiPoint"",""coordinates"":[]}"
200510,119635,2005-10-01,226,48.25282113,43.45756837,5.099999905,10,28.46578407,8.457571792,62.44451218,101.4657894,29.8710334,mm,SOIL,2005,"{""type"":""MultiPoint"",""coordinates"":[]}"
200511,119635,2005-11-01,226,49.76442761,44.45165982,5.099999905,11,28.47041363,8.457158502,63.4389235,107.462,31.33711296,mm,SOIL,2005,"{""type"":""MultiPoint"",""coordinates"":[]}"
200512,119635,2005-12-01,226,49.83479239,44.45141125,5.099999905,12,28.46997719,8.457158502,63.4392096,107.4603015,31.51709144,mm,SOIL,2005,"{""type"":""MultiPoint"",""coordinates"":[]}"
200601,119635,2006-01-01,238.1000061,52.01204851,45.44471919,5.099999905,1,29.43083189,8.457158502,65.45508973,121.4432801,35.46516559,mm,SOIL,2006,"{""type"":""MultiPoint"",""coordinates"":[]}"
200602,119635,2006-02-01,238.1000061,52.03556884,45.44459162,5.099999905,2,29.43071014,8.457158502,65.45484921,121.4352282,35.50089758,mm,SOIL,2006,"{""type"":""MultiPoint"",""coordinates"":[]}"
200603,119635,2006-03-01,238.6999969,53.081638,45.44886995,5.099999905,3,29.43006597,8.457158502,66.45025645,126.4781346,36.49092561,mm,SOIL,2006,"{""type"":""MultiPoint"",""coordinates"":[]}"
200604,119635,2006-04-01,238.6999969,64.82691091,56.44541786,5.099999905,4,38.44791765,18.43489753,84.43387655,135.4119248,37.08252006,mm,SOIL,2006,"{""type"":""MultiPoint"",""coordinates"":[]}"
200605,119635,2006-05-01,227.6000061,53.97158859,45.45241762,4.599999905,5,29.4323523,13.45127829,70.45728296,120.4418446,33.85791669,mm,SOIL,2006,"{""type"":""MultiPoint"",""coordinates"":[]}"
200606,119635,2006-06-01,219.8000031,38.89972449,30.44888577,4.300000191,6,19.45632765,10.45356549,47.45685011,103.4734694,29.52210913,mm,SOIL,2006,"{""type"":""MultiPoint"",""coordinates"":[]}"
200607,119635,2006-07-01,141.3999939,26.73060712,21.45026255,4,7,14.43386066,8.47399047,32.44548649,66.44942372,18.55523433,mm,SOIL,2006,"{""type"":""MultiPoint"",""coordinates"":[]}"
200608,119635,2006-08-01,121.8000031,21.51005885,17.19607215,3.700000048,8,11.19363,6.704146443,27.19764268,52.20097346,14.83528243,mm,SOIL,2006,"{""type"":""MultiPoint"",""coordinates"":[]}"
200609,119635,2006-09-01,136.3999939,24.83559768,19.43046741,3.400000095,9,12.47124552,6.455863576,33.45271761,58.44547736,17.09866251,mm,SOIL,2006,"{""type"":""MultiPoint"",""coordinates"":[]}"
200610,119635,2006-10-01,195.6999969,35.50579311,31.45379486,3.200000048,10,16.44105947,6.395903365,48.45124112,81.43205107,24.2962956,mm,SOIL,2006,"{""type"":""MultiPoint"",""coordinates"":[]}"
200611,119635,2006-11-01,232.8999939,38.60321418,32.44385767,3.200000048,11,16.4449671,6.395903365,50.45863454,93.44436101,30.48758362,mm,SOIL,2006,"{""type"":""MultiPoint"",""coordinates"":[]}"
200612,119635,2006-12-01,232.8999939,38.83978739,32.44309927,3.200000048,12,16.44363193,6.395903365,50.45703381,94.42957752,30.81153197,mm,SOIL,2006,"{""type"":""MultiPoint"",""coordinates"":[]}"
200701,119635,2007-01-01,232.8999939,38.84321047,32.44309927,3.200000048,1,16.44363193,6.395903365,50.45703381,94.42957752,30.82614008,mm,SOIL,2007,"{""type"":""MultiPoint"",""coordinates"":[]}"
200702,119635,2007-02-01,233.1000061,39.18517526,32.44351544,3.200000048,2,16.44485997,6.395903365,50.4563097,97.43200024,31.39735032,mm,SOIL,2007,"{""type"":""MultiPoint"",""coordinates"":[]}"
200703,119635,2007-03-01,238.6999969,46.84655731,37.44697667,3.200000048,3,20.46594371,6.394976285,59.44786069,128.4682099,38.60570312,mm,SOIL,2007,"{""type"":""MultiPoint"",""coordinates"":[]}"
200704,119635,2007-04-01,238.6999969,68.54913878,60.45361092,6,4,43.45954998,25.43737665,89.4284243,132.4537931,34.97049411,mm,SOIL,2007,"{""type"":""MultiPoint"",""coordinates"":[]}"
200705,119635,2007-05-01,228.8000031,64.62294649,57.44581639,6.5,5,39.43602179,24.5251408,84.4665341,123.4376249,31.79102264,mm,SOIL,2007,"{""type"":""MultiPoint"",""coordinates"":[]}"
200706,119635,2007-06-01,210.3000031,51.60450283,46.44016933,4.400000095,6,30.45600551,14.43924255,67.45014543,105.4417873,28.63848131,mm,SOIL,2007,"{""type"":""MultiPoint"",""coordinates"":[]}"
200707,119635,2007-07-01,192.3999939,40.88396611,33.44925943,6,7,21.44961107,12.5012993,54.44123746,92.44835188,26.27486031,mm,SOIL,2007,"{""type"":""MultiPoint"",""coordinates"":[]}"
200708,119635,2007-08-01,157,33.68437502,27.44226289,3.700000048,8,16.43204367,9.500895376,44.45352721,78.45971929,22.46892246,mm,SOIL,2007,"{""type"":""MultiPoint"",""coordinates"":[]}"
200709,119635,2007-09-01,187.1000061,43.57979722,37.44551896,4.300000191,9,23.43959145,11.46221815,57.45710635,99.45564538,27.52419909,mm,SOIL,2007,"{""type"":""MultiPoint"",""coordinates"":[]}"
200710,119635,2007-10-01,226,53.80084634,48.46391954,5.599999905,10,30.44970754,11.45549578,71.44378482,116.4425779,32.67533884,mm,SOIL,2007,"{""type"":""MultiPoint"",""coordinates"":[]}"
200711,119635,2007-11-01,226,54.68260503,49.50023806,5.699999809,11,31.45586229,11.45382251,72.45191137,118.4463115,33.21537742,mm,SOIL,2007,"{""type"":""MultiPoint"",""coordinates"":[]}"
200712,119635,2007-12-01,226,54.83954028,49.50046912,5.699999809,12,31.45564352,11.45382251,72.45231845,118.4495292,33.56047475,mm,SOIL,2007,"{""type"":""MultiPoint"",""coordinates"":[]}"
200801,119635,2008-01-01,226,54.84644632,49.50046912,5.699999809,1,31.45564352,11.45382251,72.45231845,118.4495292,33.58114283,mm,SOIL,2008,"{""type"":""MultiPoint"",""coordinates"":[]}"
200802,119635,2008-02-01,232.8999939,55.24463035,49.5020189,5.699999809,2,31.45796727,11.45431575,73.44414827,119.4458371,33.97580248,mm,SOIL,2008,"{""type"":""MultiPoint"",""coordinates"":[]}"
200803,119635,2008-03-01,237.8999939,57.35279929,50.45081161,6,3,32.45450726,11.45293113,75.4398044,124.4236558,35.66061469,mm,SOIL,2008,"{""type"":""MultiPoint"",""coordinates"":[]}"
200804,119635,2008-04-01,238.6999969,65.62134341,56.4460298,7.199999809,4,37.45057049,23.45805537,86.45218503,132.452571,35.97435633,mm,SOIL,2008,"{""type"":""MultiPoint"",""coordinates"":[]}"
200805,119635,2008-05-01,238.6999969,71.51971006,63.43907979,10,5,45.456457,28.47302628,93.44177001,134.4457034,33.86539625,mm,SOIL,2008,"{""type"":""MultiPoint"",""coordinates"":[]}"
200806,119635,2008-06-01,212,50.64564181,43.45112727,8.399999619,6,28.45767086,18.50115135,65.44229157,109.447641,29.42549239,mm,SOIL,2008,"{""type"":""MultiPoint"",""coordinates"":[]}"
200807,119635,2008-07-01,159.3999939,36.38508647,30.45952472,5.900000095,7,20.45663945,12.54682183,44.45195676,87.45469728,23.17472999,mm,SOIL,2008,"{""type"":""MultiPoint"",""coordinates"":[]}"
200808,119635,2008-08-01,194.1000061,40.75427584,35.44177497,5,8,21.45575267,10.53123055,54.44851893,88.48134557,25.5162998,mm,SOIL,2008,"{""type"":""MultiPoint"",""coordinates"":[]}"
200809,119635,2008-09-01,180.8000031,36.27696185,32.45015959,4.099999905,9,17.44995225,8.626658988,49.44499562,78.46656611,23.04510825,mm,SOIL,2008,"{""type"":""MultiPoint"",""coordinates"":[]}"
200810,119635,2008-10-01,226,45.92543793,41.45415603,4.800000191,10,25.43748074,8.388123104,61.4528501,99.47226566,29.10975451,mm,SOIL,2008,"{""type"":""MultiPoint"",""coordinates"":[]}"
200811,119635,2008-11-01,226,51.66167315,46.44387176,5.300000191,11,29.43549188,11.45379364,67.43989347,106.4741642,31.41979085,mm,SOIL,2008,"{""type"":""MultiPoint"",""coordinates"":[]}"
200812,119635,2008-12-01,226,51.73076198,46.44387176,5.300000191,12,29.43549188,11.45379364,67.43989347,106.4717391,31.61429392,mm,SOIL,2008,"{""type"":""MultiPoint"",""coordinates"":[]}"
200901,119635,2009-01-01,226,51.748672,46.44373188,5.300000191,1,29.43549188,11.45379364,67.43989347,106.4717391,31.66616534,mm,SOIL,2009,"{""type"":""MultiPoint"",""coordinates"":[]}"
200902,119635,2009-02-01,226,51.79254852,46.44291509,5.300000191,2,29.43514084,11.45379364,67.44179224,107.4479272,31.69696351,mm,SOIL,2009,"{""type"":""MultiPoint"",""coordinates"":[]}"
200903,119635,2009-03-01,232.5,52.52143325,47.4537618,5.300000191,3,29.43575385,11.45324553,68.44180081,110.4335963,32.55833623,mm,SOIL,2009,"{""type"":""MultiPoint"",""coordinates"":[]}"
200904,119635,2009-04-01,238.6999969,72.51061952,64.45494137,5.300000191,4,47.46121899,27.44882437,93.45011628,139.4930257,35.54919884,mm,SOIL,2009,"{""type"":""MultiPoint"",""coordinates"":[]}"
200905,119635,2009-05-01,228.8999939,67.85364147,60.44156325,10,5,40.44321956,26.46020251,87.47147543,132.4296657,34.3065783,mm,SOIL,2009,"{""type"":""MultiPoint"",""coordinates"":[]}"
200906,119635,2009-06-01,178.3999939,45.80057022,39.4402403,7.300000191,6,25.43995855,15.45813005,58.43776866,102.4583172,26.83820088,mm,SOIL,2009,"{""type"":""MultiPoint"",""coordinates"":[]}"
200907,119635,2009-07-01,135.6999969,26.72894282,23.45305122,5.900000095,7,15.44984463,10.47152243,32.44076128,58.43183049,14.82903146,mm,SOIL,2009,"{""type"":""MultiPoint"",""coordinates"":[]}"
200908,119635,2009-08-01,124.5999985,25.46818559,21.20054965,4.599999905,8,13.69898531,9.216302525,32.20415795,58.19331613,15.89397083,mm,SOIL,2009,"{""type"":""MultiPoint"",""coordinates"":[]}"
200909,119635,2009-09-01,156,36.14367575,30.4470872,4.199999809,9,15.44023752,8.506647362,50.45814561,84.44201946,25.17083178,mm,SOIL,2009,"{""type"":""MultiPoint"",""coordinates"":[]}"
200910,119635,2009-10-01,226,52.9945163,45.45667755,4.400000095,10,30.45029653,16.46155136,67.4229493,114.4301677,31.56405486,mm,SOIL,2009,"{""type"":""MultiPoint"",""coordinates"":[]}"
200911,119635,2009-11-01,226,55.15234843,47.45940105,4.400000095,11,31.45370702,17.45439015,69.43800223,122.4593506,32.9443451,mm,SOIL,2009,"{""type"":""MultiPoint"",""coordinates"":[]}"
200912,119635,2009-12-01,226,55.15545554,47.45940105,4.400000095,12,31.45370702,17.45439015,69.43800223,122.4593506,32.95393502,mm,SOIL,2009,"{""type"":""MultiPoint"",""coordinates"":[]}"
201001,119635,2010-01-01,226,55.53803845,47.45941592,4.400000095,1,31.4534176,17.45411198,70.4401407,123.4307263,33.49076169,mm,SOIL,2010,"{""type"":""MultiPoint"",""coordinates"":[]}"
201002,119635,2010-02-01,233.1000061,56.45796221,47.45640457,4.400000095,2,32.46391969,17.45292465,71.43368182,127.4322582,34.79651396,mm,SOIL,2010,"{""type"":""MultiPoint"",""coordinates"":[]}"
201003,119635,2010-03-01,238.6999969,61.87743119,53.44471999,4.400000095,3,37.44507269,20.46686684,77.4379142,133.4401543,35.75665251,mm,SOIL,2010,"{""type"":""MultiPoint"",""coordinates"":[]}"
201004,119635,2010-04-01,238.6999969,70.73778748,62.43666483,4.699999809,4,46.43543839,26.47072505,90.45991801,137.4474151,35.64319702,mm,SOIL,2010,"{""type"":""MultiPoint"",""coordinates"":[]}"
201005,119635,2010-05-01,228.8999939,59.65935799,52.43905332,4.300000191,5,33.45191,20.41812391,76.43755751,128.431746,34.7033157,mm,SOIL,2010,"{""type"":""MultiPoint"",""coordinates"":[]}"
201006,119635,2010-06-01,236.1999969,46.68275323,37.44240779,3.900000095,6,25.44572251,13.48794657,55.43426987,120.4253031,33.68723239,mm,SOIL,2010,"{""type"":""MultiPoint"",""coordinates"":[]}"
201007,119635,2010-07-01,157.1999969,26.88255163,22.44575399,3.599999905,7,15.4436892,10.48725634,31.43503776,64.48381268,17.93780432,mm,SOIL,2010,"{""type"":""MultiPoint"",""coordinates"":[]}"
201008,119635,2010-08-01,125.4000015,24.48930422,20.69822096,3.400000095,8,13.70693965,9.194001656,30.69264975,54.19497703,14.57199389,mm,SOIL,2010,"{""type"":""MultiPoint"",""coordinates"":[]}"
201009,119635,2010-09-01,226,45.84820287,41.45258498,6.599999905,9,28.4651813,14.49859054,56.46431762,91.43413441,26.25812638,mm,SOIL,2010,"{""type"":""MultiPoint"",""coordinates"":[]}"
201010,119635,2010-10-01,226,48.2749822,41.44322573,5.599999905,10,27.45853976,12.48214596,62.44019382,103.4483817,30.25781348,mm,SOIL,2010,"{""type"":""MultiPoint"",""coordinates"":[]}"
201011,119635,2010-11-01,226,48.67562829,41.44313113,5.599999905,11,28.46470069,12.4801106,62.43978747,105.4163273,30.8280436,mm,SOIL,2010,"{""type"":""MultiPoint"",""coordinates"":[]}"
201012,119635,2010-12-01,226,48.7463031,41.44279837,5.599999905,12,28.46474312,12.4801106,62.43934591,105.4177596,30.98533567,mm,SOIL,2010,"{""type"":""MultiPoint"",""coordinates"":[]}"
201101,119635,2011-01-01,226,48.75795387,41.44317487,5.599999905,1,28.46474312,12.4801106,62.43946908,105.4177596,31.01900272,mm,SOIL,2011,"{""type"":""MultiPoint"",""coordinates"":[]}"
201102,119635,2011-02-01,226,48.76085021,41.44359931,5.599999905,2,28.46474312,12.4801106,62.43946908,105.4177596,31.0191519,mm,SOIL,2011,"{""type"":""MultiPoint"",""coordinates"":[]}"
201103,119635,2011-03-01,238.3999939,51.60896694,43.45097236,5.599999905,3,28.4671603,12.47997787,65.45487528,118.4269025,34.8132426,mm,SOIL,2011,"{""type"":""MultiPoint"",""coordinates"":[]}"
201104,119635,2011-04-01,238.6999969,67.17843846,58.44096484,10,4,41.44926662,28.47170095,84.45196084,131.4580687,34.1560083,mm,SOIL,2011,"{""type"":""MultiPoint"",""coordinates"":[]}"
201105,119635,2011-05-01,238.6999969,69.84055171,61.45481161,10,5,41.45125855,24.52698786,92.45609166,138.4499198,36.76127388,mm,SOIL,2011,"{""type"":""MultiPoint"",""coordinates"":[]}"
201106,119635,2011-06-01,219.1999969,57.65640476,52.44023339,7.300000191,6,32.44685817,14.42669799,75.43855847,123.4129471,33.31154911,mm,SOIL,2011,"{""type"":""MultiPoint"",""coordinates"":[]}"
201107,119635,2011-07-01,167.5,46.62462113,43.45475666,7.300000191,7,28.4568386,12.45273229,61.4623577,92.44738542,24.24901223,mm,SOIL,2011,"{""type"":""MultiPoint"",""coordinates"":[]}"
201108,119635,2011-08-01,161.5,38.72543076,34.44283182,5.599999905,8,22.44986345,10.43467013,51.45056077,82.44594574,22.17004352,mm,SOIL,2011,"{""type"":""MultiPoint"",""coordinates"":[]}"
201109,119635,2011-09-01,195.6999969,35.05217107,29.43590728,4.599999905,9,16.44927741,8.432236142,47.44849452,81.40906512,23.91682861,mm,SOIL,2011,"{""type"":""MultiPoint"",""coordinates"":[]}"
201110,119635,2011-10-01,226,44.01914235,37.44522803,5.599999905,10,22.44834617,8.511486133,59.44682269,98.38364999,30.0463824,mm,SOIL,2011,"{""type"":""MultiPoint"",""coordinates"":[]}"
201111,119635,2011-11-01,226,44.79391331,37.44418605,5.599999905,11,22.44652322,8.511355496,59.44618885,100.4485327,31.32177207,mm,SOIL,2011,"{""type"":""MultiPoint"",""coordinates"":[]}"
201112,119635,2011-12-01,226,44.84019261,37.44340404,5.599999905,12,22.44648229,8.511355496,59.44503633,100.4498228,31.43065277,mm,SOIL,2011,"{""type"":""MultiPoint"",""coordinates"":[]}"
201201,119635,2012-01-01,226,44.87422674,37.44340404,5.599999905,1,22.44602077,8.511355496,59.44401928,100.4499999,31.52723057,mm,SOIL,2012,"{""type"":""MultiPoint"",""coordinates"":[]}"
201202,119635,2012-02-01,231.3000031,45.04733232,37.44319675,5.599999905,2,22.44733858,8.511355496,59.44555974,101.4619007,31.73320996,mm,SOIL,2012,"{""type"":""MultiPoint"",""coordinates"":[]}"
201203,119635,2012-03-01,237.8999939,47.81745862,39.43683574,5.599999905,3,23.44466728,8.513227128,62.4509549,113.4391606,35.22396403,mm,SOIL,2012,"{""type"":""MultiPoint"",""coordinates"":[]}"
201204,119635,2012-04-01,238.6999969,72.77656504,64.44537633,6.900000095,4,46.44644547,27.45028441,94.45568019,141.4923182,36.25928593,mm,SOIL,2012,"{""type"":""MultiPoint"",""coordinates"":[]}"
201205,119635,2012-05-01,227.5,60.44896646,52.44605997,6.900000095,5,34.44419986,20.43333048,78.44146684,123.4412699,33.40703398,mm,SOIL,2012,"{""type"":""MultiPoint"",""coordinates"":[]}"
201206,119635,2012-06-01,228.8999939,62.19656167,54.44638128,9.600000381,6,35.44296909,16.45680138,81.43697108,130.4299276,35.74663996,mm,SOIL,2012,"{""type"":""MultiPoint"",""coordinates"":[]}"
201207,119635,2012-07-01,182.1999969,37.25980822,32.44764133,7.400000095,7,21.45514911,11.41776143,46.45542606,79.42698957,22.38874128,mm,SOIL,2012,"{""type"":""MultiPoint"",""coordinates"":[]}"
201208,119635,2012-08-01,128.3999939,25.87691964,22.69488667,5.699999809,8,14.6969507,9.199206992,32.19771364,56.69662911,15.53620515,mm,SOIL,2012,"{""type"":""MultiPoint"",""coordinates"":[]}"
201209,119635,2012-09-01,127.5999985,23.73356639,18.70075448,4.400000095,9,11.69753768,7.705153457,30.19545987,58.20069438,16.52963364,mm,SOIL,2012,"{""type"":""MultiPoint"",""coordinates"":[]}"
201210,119635,2012-10-01,226,38.37247803,29.43129471,4.400000095,10,18.44913974,9.465885424,46.4372444,100.454075,30.24149758,mm,SOIL,2012,"{""type"":""MultiPoint"",""coordinates"":[]}"
201211,119635,2012-11-01,233.1000061,40.73424358,30.44028208,4.400000095,11,19.45892424,9.463502334,48.45134271,114.4490239,33.9215034,mm,SOIL,2012,"{""type"":""MultiPoint"",""coordinates"":[]}"
201212,119635,2012-12-01,233.1000061,40.77803927,30.4394645,4.400000095,12,19.45892424,9.463675345,48.45165199,114.4390678,34.01622115,mm,SOIL,2012,"{""type"":""MultiPoint"",""coordinates"":[]}"
201301,119635,2013-01-01,233.1000061,40.7785229,30.4394645,4.400000095,1,19.45892424,9.463675345,48.45165199,114.4390678,34.01797268,mm,SOIL,2013,"{""type"":""MultiPoint"",""coordinates"":[]}"
201302,119635,2013-02-01,233.1000061,41.33182369,30.43843616,4.400000095,2,20.46575208,9.463650089,49.43778674,116.4522631,34.64309993,mm,SOIL,2013,"{""type"":""MultiPoint"",""coordinates"":[]}"
201303,119635,2013-03-01,238.6999969,43.59527184,32.45208259,4.400000095,3,20.4647265,9.463356379,52.45368294,124.4742798,36.74049091,mm,SOIL,2013,"{""type"":""MultiPoint"",""coordinates"":[]}"
201304,119635,2013-04-01,238.6999969,54.55434393,43.45479043,4.400000095,4,25.44031744,9.461052094,76.44523063,131.4314287,39.71618533,mm,SOIL,2013,"{""type"":""MultiPoint"",""coordinates"":[]}"
201305,119635,2013-05-01,230.1999969,71.1053209,62.44789242,7,5,45.45618892,28.47756391,91.45803762,136.4337109,34.0479106,mm,SOIL,2013,"{""type"":""MultiPoint"",""coordinates"":[]}"
201306,119635,2013-06-01,216.1999969,52.96137065,47.45317986,4.400000095,6,30.45065757,17.46792652,68.44229789,108.428879,29.78397312,mm,SOIL,2013,"{""type"":""MultiPoint"",""coordinates"":[]}"
201307,119635,2013-07-01,129.1000061,32.70936612,27.69748411,6.099999905,7,18.20022197,12.20667877,41.68880983,74.18326997,19.57896222,mm,SOIL,2013,"{""type"":""MultiPoint"",""coordinates"":[]}"
201308,119635,2013-08-01,155.1999969,38.73306442,29.43488738,5,8,18.44682867,10.41096562,47.43983134,107.4437788,29.27552043,mm,SOIL,2013,"{""type"":""MultiPoint"",""coordinates"":[]}"
201309,119635,2013-09-01,224.1999969,45.69961593,37.44496601,4.300000191,9,21.44289332,9.437490832,60.45123971,113.4523405,32.90725363,mm,SOIL,2013,"{""type"":""MultiPoint"",""coordinates"":[]}"
201310,119635,2013-10-01,226,48.11566755,40.43425178,4.099999905,10,23.45289149,9.414097406,65.45696987,112.4488039,32.85777207,mm,SOIL,2013,"{""type"":""MultiPoint"",""coordinates"":[]}"
201311,119635,2013-11-01,226,49.38185507,41.45421787,4.099999905,11,24.48959213,9.413979665,66.44410363,116.4467353,33.90810542,mm,SOIL,2013,"{""type"":""MultiPoint"",""coordinates"":[]}"
201312,119635,2013-12-01,226,49.47177917,41.45421787,4.099999905,12,24.48959213,9.413979665,66.44368344,117.4359225,34.12894713,mm,SOIL,2013,"{""type"":""MultiPoint"",""coordinates"":[]}"
201401,119635,2014-01-01,226,49.6412097,41.45383468,4.099999905,1,24.4903942,9.413979665,66.44156757,118.4516371,34.397949,mm,SOIL,2014,"{""type"":""MultiPoint"",""coordinates"":[]}"
201402,119635,2014-02-01,226,49.66425226,41.45383468,4.099999905,2,24.49064546,9.413979665,66.44156757,118.4528631,34.4615716,mm,SOIL,2014,"{""type"":""MultiPoint"",""coordinates"":[]}"
201403,119635,2014-03-01,238.1000061,51.91303869,43.45220692,4.099999905,3,24.49152418,9.41390341,70.43974851,124.4413635,37.05729048,mm,SOIL,2014,"{""type"":""MultiPoint"",""coordinates"":[]}"
201404,119635,2014-04-01,238.6999969,69.87884537,61.45674731,5.199999809,4,41.45513705,24.53399783,92.44379505,141.4745176,37.48664623,mm,SOIL,2014,"{""type"":""MultiPoint"",""coordinates"":[]}"
201405,119635,2014-05-01,228.8000031,65.52544901,58.44964137,5.300000191,5,40.43950376,24.53278777,82.4496965,129.4305482,33.4329639,mm,SOIL,2014,"{""type"":""MultiPoint"",""coordinates"":[]}"
201406,119635,2014-06-01,224,55.27045806,47.45560817,7.400000095,6,33.4498034,18.37209509,69.44943381,121.455853,30.52148982,mm,SOIL,2014,"{""type"":""MultiPoint"",""coordinates"":[]}"
201407,119635,2014-07-01,154,38.23693427,32.4363344,6.099999905,7,21.46648617,12.4693407,47.45608304,90.43045664,23.43511716,mm,SOIL,2014,"{""type"":""MultiPoint"",""coordinates"":[]}"
201408,119635,2014-08-01,161.6000061,26.88494312,22.44289319,5,8,15.4264814,9.495124333,32.43660435,61.4521848,17.06246029,mm,SOIL,2014,"{""type"":""MultiPoint"",""coordinates"":[]}"
201409,119635,2014-09-01,169,31.35478665,27.44590216,4.800000191,9,17.46053396,9.467515861,40.44338825,67.42311968,18.98671629,mm,SOIL,2014,"{""type"":""MultiPoint"",""coordinates"":[]}"
201410,119635,2014-10-01,226,47.77391778,41.4481974,5.199999809,10,27.43999895,11.43583957,61.46193099,103.4312235,30.30062695,mm,SOIL,2014,"{""type"":""MultiPoint"",""coordinates"":[]}"
201411,119635,2014-11-01,226,48.26369321,42.44549386,5.199999809,11,27.4432204,11.43249371,61.46094989,104.4729857,30.66030733,mm,SOIL,2014,"{""type"":""MultiPoint"",""coordinates"":[]}"
201412,119635,2014-12-01,229,48.46064787,42.44541488,5.199999809,12,27.44260285,11.43249371,62.44220442,104.4710279,30.88454406,mm,SOIL,2014,"{""type"":""MultiPoint"",""coordinates"":[]}"
201501,119635,2015-01-01,231.8999939,48.552386,42.44697059,5.199999809,1,27.44241908,11.43249371,62.44349764,105.462485,31.00457162,mm,SOIL,2015,"{""type"":""MultiPoint"",""coordinates"":[]}"
201502,119635,2015-02-01,233.3999939,51.09303924,43.45733897,5.199999809,2,28.45738487,11.43304162,64.44096617,114.4457316,33.86117627,mm,SOIL,2015,"{""type"":""MultiPoint"",""coordinates"":[]}"
201503,119635,2015-03-01,238.6999969,60.11413104,51.44528716,6.699999809,3,33.44562896,15.45599602,78.45646911,135.4219996,37.6829897,mm,SOIL,2015,"{""type"":""MultiPoint"",""coordinates"":[]}"
201504,119635,2015-04-01,228.8999939,72.08999909,63.44815372,10,4,46.44428553,28.47997903,93.44706105,137.4389478,34.68416171,mm,SOIL,2015,"{""type"":""MultiPoint"",""coordinates"":[]}"
201505,119635,2015-05-01,227.5,47.95811755,41.44163741,7.300000191,5,25.44364803,12.43099436,63.44097915,104.4480346,29.06860161,mm,SOIL,2015,"{""type"":""MultiPoint"",""coordinates"":[]}"
201506,119635,2015-06-01,164.3999939,29.04086571,25.44577003,6.199999809,6,16.46454416,11.46729782,36.44216703,61.45321769,16.7839255,mm,SOIL,2015,"{""type"":""MultiPoint"",""coordinates"":[]}"
201507,119635,2015-07-01,154.5,24.29175855,20.44310317,5,7,13.42464583,9.508108076,30.4398448,52.4328335,14.61737039,mm,SOIL,2015,"{""type"":""MultiPoint"",""coordinates"":[]}"
201508,119635,2015-08-01,143.3999939,25.42223994,20.43940717,4.300000191,8,13.45034633,8.582651935,32.44665488,57.46436255,16.21018612,mm,SOIL,2015,"{""type"":""MultiPoint"",""coordinates"":[]}"
201509,119635,2015-09-01,164.3999939,32.02378218,28.46406463,3.900000095,9,16.42875741,8.286355403,42.45080496,69.43881411,19.80410596,mm,SOIL,2015,"{""type"":""MultiPoint"",""coordinates"":[]}"
201510,119635,2015-10-01,226,41.8992748,35.44539846,4.400000095,10,22.44995249,8.449271639,54.44848307,94.44070346,28.7564385,mm,SOIL,2015,"{""type"":""MultiPoint"",""coordinates"":[]}"
201511,119635,2015-11-01,226,42.83157894,36.4482677,4.400000095,11,23.46237025,8.447906618,55.44223439,96.45126599,30.02364777,mm,SOIL,2015,"{""type"":""MultiPoint"",""coordinates"":[]}"
201512,119635,2015-12-01,226,42.95717051,36.44780125,4.400000095,12,23.46305326,8.447906618,55.44306186,97.44159245,30.22092627,mm,SOIL,2015,"{""type"":""MultiPoint"",""coordinates"":[]}"
201601,119635,2016-01-01,226,40.94133754,34.43902448,3.799999952,1,19.47061363,7.328563823,52.44818874,97.42838701,30.62885268,mm,SOIL,2016,"{""type"":""MultiPoint"",""coordinates"":[]}"
201602,119635,2016-02-01,236.6000061,44.90156942,36.44880659,4.5,2,21.45567378,7.323690396,56.44513924,115.4582907,35.05499544,mm,SOIL,2016,"{""type"":""MultiPoint"",""coordinates"":[]}"
201603,119635,2016-03-01,238.6999969,51.08101349,40.45789264,4.5,3,24.48155336,8.436732364,65.4709885,131.4599037,38.6513661,mm,SOIL,2016,"{""type"":""MultiPoint"",""coordinates"":[]}"
201604,119635,2016-04-01,238.6999969,68.26461295,61.44937473,4.199999809,4,43.45143854,25.43028019,87.47147322,129.4473589,33.6201159,mm,SOIL,2016,"{""type"":""MultiPoint"",""coordinates"":[]}"
201605,119635,2016-05-01,218.3999939,52.53630734,46.44076971,3.900000095,5,31.45999615,19.49427479,67.43513863,107.4361566,28.39021254,mm,SOIL,2016,"{""type"":""MultiPoint"",""coordinates"":[]}"
201606,119635,2016-06-01,168.1000061,39.5200744,33.44571356,3.599999905,6,22.4493081,13.52867246,50.4447037,88.46951669,23.87336249,mm,SOIL,2016,"{""type"":""MultiPoint"",""coordinates"":[]}"
201607,119635,2016-07-01,154,30.62001295,26.44201018,3.299999952,7,16.44896837,10.56878367,38.43468634,68.44108094,18.70527571,mm,SOIL,2016,"{""type"":""MultiPoint"",""coordinates"":[]}"
201608,119635,2016-08-01,141.6000061,26.07877913,20.44172283,3.099999905,8,12.43852061,8.573699546,33.44048671,63.4389705,18.50573741,mm,SOIL,2016,"{""type"":""MultiPoint"",""coordinates"":[]}"
201609,119635,2016-09-01,151.1000061,32.89986646,27.447038,3,9,14.45773278,7.554023769,44.45114037,77.44474492,23.07887121,mm,SOIL,2016,"{""type"":""MultiPoint"",""coordinates"":[]}"
201610,119635,2016-10-01,226,48.7354019,41.44750371,2.799999952,10,26.44790358,11.43561666,61.46698058,116.4356096,32.69236183,mm,SOIL,2016,"{""type"":""MultiPoint"",""coordinates"":[]}"
201611,119635,2016-11-01,227,51.57599245,43.45331496,2.700000048,11,28.45958884,11.41794684,64.45904007,122.4759494,34.09272272,mm,SOIL,2016,"{""type"":""MultiPoint"",""coordinates"":[]}"
201612,119635,2016-12-01,227,51.57985413,43.45331496,2.700000048,12,28.45958884,11.41794684,64.45904007,122.4759494,34.10551527,mm,SOIL,2016,"{""type"":""MultiPoint"",""coordinates"":[]}"
201701,119635,2017-01-01,227,51.58007839,43.45331496,2.700000048,1,28.45958884,11.41794684,64.45904007,122.4759494,34.10637356,mm,SOIL,2017,"{""type"":""MultiPoint"",""coordinates"":[]}"
201702,119635,2017-02-01,227,51.59007734,43.45308839,2.700000048,2,28.46003995,11.41794684,64.45854287,122.4759494,34.108845,mm,SOIL,2017,"{""type"":""MultiPoint"",""coordinates"":[]}"
201703,119635,2017-03-01,238.6999969,53.90969714,44.45290698,3.700000048,3,28.45582844,11.41697536,67.42903212,132.468702,37.61730549,mm,SOIL,2017,"{""type"":""MultiPoint"",""coordinates"":[]}"
201704,119635,2017-04-01,238.6999969,71.58869825,63.44200099,7.900000095,4,45.45144519,27.44825545,91.46075915,139.46202,36.00497365,mm,SOIL,2017,"{""type"":""MultiPoint"",""coordinates"":[]}"
201705,119635,2017-05-01,228.8999939,63.56377476,55.44249301,10,5,38.44799636,23.44747139,80.45853705,129.4557785,33.76377194,mm,SOIL,2017,"{""type"":""MultiPoint"",""coordinates"":[]}"
201706,119635,2017-06-01,216.8000031,50.89596499,41.43829265,7.699999809,6,29.44268141,15.44861191,64.46123149,118.4263011,31.24220628,mm,SOIL,2017,"{""type"":""MultiPoint"",""coordinates"":[]}"
201707,119635,2017-07-01,151.5,36.20024597,28.45585544,6,7,19.45511897,11.40062915,43.44562339,94.49035698,25.31999081,mm,SOIL,2017,"{""type"":""MultiPoint"",""coordinates"":[]}"
201708,119635,2017-08-01,130.8999939,26.69273598,22.19481881,4.900000095,8,14.19227574,9.198226099,34.68824748,59.68335256,16.41326303,mm,SOIL,2017,"{""type"":""MultiPoint"",""coordinates"":[]}"
201709,119635,2017-09-01,146.6000061,27.1561055,21.4437836,4.199999809,9,12.44025265,7.556908539,36.4480486,65.45034173,18.79370552,mm,SOIL,2017,"{""type"":""MultiPoint"",""coordinates"":[]}"
201710,119635,2017-10-01,226,40.60104295,35.44708254,5.199999809,10,18.45858983,7.399174701,54.43874558,92.41866659,29.30023386,mm,SOIL,2017,"{""type"":""MultiPoint"",""coordinates"":[]}"
201711,119635,2017-11-01,226,42.78964741,36.44682393,5.199999809,11,18.46331739,7.398443155,56.45099331,102.4082708,32.05127843,mm,SOIL,2017,"{""type"":""MultiPoint"",""coordinates"":[]}"
201712,119635,2017-12-01,226,42.80981242,36.44675196,5.199999809,12,18.46331739,7.398443155,56.45099331,102.4089554,32.11634257,mm,SOIL,2017,"{""type"":""MultiPoint"",""coordinates"":[]}"
201801,119635,2018-01-01,233.1000061,43.08129178,36.44749946,5.199999809,1,18.46354879,7.398443155,56.45117025,104.4207168,32.75881009,mm,SOIL,2018,"{""type"":""MultiPoint"",""coordinates"":[]}"
201802,119635,2018-02-01,233.1000061,43.08598814,36.44749946,5.199999809,2,18.46354879,7.398443155,56.45205379,104.4206729,32.76285696,mm,SOIL,2018,"{""type"":""MultiPoint"",""coordinates"":[]}"
201803,119635,2018-03-01,238.3999939,44.84614071,37.43744234,5.199999809,3,19.44463294,7.398443155,57.44558371,112.4469699,35.16119194,mm,SOIL,2018,"{""type"":""MultiPoint"",""coordinates"":[]}"
201804,119635,2018-04-01,238.6999969,60.21908656,51.44757922,5.199999809,4,31.45856983,16.4437938,80.46333633,135.4020639,38.36408876,mm,SOIL,2018,"{""type"":""MultiPoint"",""coordinates"":[]}"
201805,119635,2018-05-01,230.1999969,64.1522433,55.45396203,10,5,39.43949566,26.45701295,82.43732494,126.4196075,32.24552526,mm,SOIL,2018,"{""type"":""MultiPoint"",""coordinates"":[]}"
201806,119635,2018-06-01,193.6999969,49.52449716,41.45106301,7.099999905,6,27.4409742,17.48207508,64.4508728,112.4306075,29.45150197,mm,SOIL,2018,"{""type"":""MultiPoint"",""coordinates"":[]}"
201807,119635,2018-07-01,139.1999969,27.92894234,24.46385035,5.5,7,15.44550217,10.48172025,35.43873867,57.45231327,15.28817495,mm,SOIL,2018,"{""type"":""MultiPoint"",""coordinates"":[]}"
201808,119635,2018-08-01,132.3000031,22.03096639,18.70164259,4.5,8,11.70553262,8.213498619,27.69829253,48.69181819,13.77220716,mm,SOIL,2018,"{""type"":""MultiPoint"",""coordinates"":[]}"
201809,119635,2018-09-01,145.3000031,30.26504785,26.44405352,3.700000048,9,16.44265222,8.518837204,39.43820345,65.4713569,18.17648101,mm,SOIL,2018,"{""type"":""MultiPoint"",""coordinates"":[]}"
201810,119635,2018-10-01,225.6000061,39.39918356,33.45810103,4.099999905,10,17.44141909,8.461374352,52.43948338,90.45504219,28.31050821,mm,SOIL,2018,"{""type"":""MultiPoint"",""coordinates"":[]}"
201811,119635,2018-11-01,226,41.80726921,34.43901269,4.099999905,11,19.45589825,8.46180471,55.46171951,99.447444,31.1971062,mm,SOIL,2018,"{""type"":""MultiPoint"",""coordinates"":[]}"
201812,119635,2018-12-01,232.5,42.02710044,34.44027866,4.099999905,12,19.45525888,8.46180471,55.46187121,100.4188045,31.71904952,mm,SOIL,2018,"{""type"":""MultiPoint"",""coordinates"":[]}"
201901,119635,2019-01-01,233.1000061,42.84210764,35.44690477,4.099999905,1,19.45395988,8.46180471,56.450655,103.40706,32.27471836,mm,SOIL,2019,"{""type"":""MultiPoint"",""coordinates"":[]}"
201902,119635,2019-02-01,233.1000061,42.84330918,35.44787356,4.099999905,2,19.45395988,8.46180471,56.450655,103.40706,32.28195719,mm,SOIL,2019,"{""type"":""MultiPoint"",""coordinates"":[]}"
201903,119635,2019-03-01,237.8999939,44.55012536,36.45320163,4.099999905,3,19.45669159,8.463471306,58.45530598,111.4585988,34.56058631,mm,SOIL,2019,"{""type"":""MultiPoint"",""coordinates"":[]}"
201904,119635,2019-04-01,238.6999969,66.27644603,59.45044017,4.400000095,4,41.4555635,25.42995348,83.43355197,133.4369816,34.80297316,mm,SOIL,2019,"{""type"":""MultiPoint"",""coordinates"":[]}"
201905,119635,2019-05-01,224.6999969,48.8179295,41.46071526,4.400000095,5,28.44965044,16.46263946,61.46442897,109.5017683,29.43338931,mm,SOIL,2019,"{""type"":""MultiPoint"",""coordinates"":[]}"
201906,119635,2019-06-01,165.3999939,41.61739252,36.44604157,4,6,25.43299089,13.40175205,53.46060126,87.43686229,22.9381116,mm,SOIL,2019,"{""type"":""MultiPoint"",""coordinates"":[]}"
201907,119635,2019-07-01,156.3000031,42.02753405,38.4466845,3.700000048,7,25.4376276,11.40443327,55.46546009,83.45535775,21.79014967,mm,SOIL,2019,"{""type"":""MultiPoint"",""coordinates"":[]}"
201908,119635,2019-08-01,128.6000061,40.26888306,36.69941245,3.400000095,8,24.70595985,10.71367944,52.2034078,83.69132938,21.46154676,mm,SOIL,2019,"{""type"":""MultiPoint"",""coordinates"":[]}"
201909,119635,2019-09-01,195.6999969,46.34669377,42.44121928,3.200000048,9,29.44016011,12.45119036,59.44421393,90.44449724,24.47851841,mm,SOIL,2019,"{""type"":""MultiPoint"",""coordinates"":[]}"
201910,119635,2019-10-01,226,53.3325,49.4591608,3,10,33.45185094,13.46199465,68.44131865,101.4764148,28.50449703,mm,SOIL,2019,"{""type"":""MultiPoint"",""coordinates"":[]}"
201911,119635,2019-11-01,226,55.00039918,50.45827951,3,11,34.44125533,14.45315428,70.4551073,104.4535461,29.53654235,mm,SOIL,2019,"{""type"":""MultiPoint"",""coordinates"":[]}"
201912,119635,2019-12-01,226,56.1988524,51.45186761,3,12,34.43887511,15.44406081,71.43918394,109.4550975,30.6192953,mm,SOIL,2019,"{""type"":""MultiPoint"",""coordinates"":[]}"
202001,119635,2020-01-01,232.8999939,56.61129361,51.45315614,3,1,35.45106016,15.44310972,71.44065056,110.4448453,31.35198384,mm,SOIL,2020,"{""type"":""MultiPoint"",""coordinates"":[]}"
202002,119635,2020-02-01,233.3999939,57.39985653,52.44519943,3,2,35.4501355,15.44153843,72.46069881,112.45865,32.16851774,mm,SOIL,2020,"{""type"":""MultiPoint"",""coordinates"":[]}"
202003,119635,2020-03-01,238.3999939,58.29031296,52.4441186,3,3,35.45149939,15.4390119,73.43749976,116.4585365,33.19869891,mm,SOIL,2020,"{""type"":""MultiPoint"",""coordinates"":[]}"
202004,119635,2020-04-01,238.6999969,65.74336307,59.44972381,6.900000095,4,38.44048425,19.4673876,87.45657017,127.4279354,35.49257004,mm,SOIL,2020,"{""type"":""MultiPoint"",""coordinates"":[]}"
202005,119635,2020-05-01,230.1999969,69.16036174,62.44617233,7.300000191,5,44.45884219,25.42899553,90.46547704,127.4197297,33.73887633,mm,SOIL,2020,"{""type"":""MultiPoint"",""coordinates"":[]}"
202006,119635,2020-06-01,218.8999939,62.74295801,57.45298802,6.800000191,6,38.44243083,22.46044925,80.44554591,122.4375011,31.8005253,mm,SOIL,2020,"{""type"":""MultiPoint"",""coordinates"":[]}"
202007,119635,2020-07-01,171.8999939,54.1959045,49.45701183,6,7,34.4404868,18.45999252,69.4497465,108.458764,27.15969843,mm,SOIL,2020,"{""type"":""MultiPoint"",""coordinates"":[]}"
202008,119635,2020-08-01,183.5,47.24555266,41.44916312,5,8,26.45526246,13.47648203,62.43820353,100.4376867,27.17710446,mm,SOIL,2020,"{""type"":""MultiPoint"",""coordinates"":[]}"
202009,119635,2020-09-01,219.8999939,43.33123322,37.44618294,4.300000191,9,22.45030046,10.45034751,58.44415963,95.45413052,27.45208845,mm,SOIL,2020,"{""type"":""MultiPoint"",""coordinates"":[]}"
202010,119635,2020-10-01,226,55.14106647,48.45672738,4.900000095,10,32.44930625,16.44869314,72.45095802,110.4494541,30.93896995,mm,SOIL,2020,"{""type"":""MultiPoint"",""coordinates"":[]}"
202011,119635,2020-11-01,226,57.54096392,50.45616942,4.900000095,11,32.45301174,16.44569719,76.45033844,115.4514024,32.76925163,mm,SOIL,2020,"{""type"":""MultiPoint"",""coordinates"":[]}"
202012,119635,2020-12-01,226,58.18020796,51.44767234,4.900000095,12,33.45825583,16.44464774,77.44150071,116.4471441,33.43890601,mm,SOIL,2020,"{""type"":""MultiPoint"",""coordinates"":[]}"
202101,119635,2021-01-01,233.1000061,58.44364761,51.4472361,4.900000095,1,33.45821428,16.44441273,77.4406265,117.4517572,33.7710813,mm,SOIL,2021,"{""type"":""MultiPoint"",""coordinates"":[]}"
202102,119635,2021-02-01,233.1000061,58.45209434,51.44863316,4.900000095,2,33.45821428,16.44441273,77.44074318,117.4517572,33.77600312,mm,SOIL,2021,"{""type"":""MultiPoint"",""coordinates"":[]}"
202103,119635,2021-03-01,238.6999969,61.83874819,53.46033319,4.900000095,3,34.45177905,17.4397097,81.43928127,128.4460444,36.8150411,mm,SOIL,2021,"{""type"":""MultiPoint"",""coordinates"":[]}"
202104,119635,2021-04-01,238.6999969,69.07378282,60.4462696,6.699999809,4,41.45590022,25.42788665,92.45464997,133.4514044,35.21191743,mm,SOIL,2021,"{""type"":""MultiPoint"",""coordinates"":[]}"
202105,119635,2021-05-01,227.5,65.50509458,59.45322765,6.800000191,5,41.45018673,27.45225199,83.45365932,125.4357941,31.0966017,mm,SOIL,2021,"{""type"":""MultiPoint"",""coordinates"":[]}"
202106,119635,2021-06-01,189.6999969,42.17852394,35.4405684,6.400000095,6,24.48072258,15.47401126,53.45224214,94.42997081,25.09574421,mm,SOIL,2021,"{""type"":""MultiPoint"",""coordinates"":[]}"
202107,119635,2021-07-01,126.5999985,27.69885829,24.21183842,5.599999905,7,15.1971257,11.21199518,33.20392998,63.20090323,16.58943783,mm,SOIL,2021,"{""type"":""MultiPoint"",""coordinates"":[]}"
202108,119635,2021-08-01,135.1999969,27.05125134,21.423482,5,8,13.43916032,9.522805514,34.44175207,65.45655945,17.91415421,mm,SOIL,2021,"{""type"":""MultiPoint"",""coordinates"":[]}"
202109,119635,2021-09-01,224.1999969,39.49420068,34.43982617,4.5,9,17.43287931,8.584662956,53.44294487,90.47846172,27.77447812,mm,SOIL,2021,"{""type"":""MultiPoint"",""coordinates"":[]}"
202110,119635,2021-10-01,226,43.68905916,38.44104512,4.099999905,10,19.4401331,7.480052006,58.4548568,99.41896695,31.3623658,mm,SOIL,2021,"{""type"":""MultiPoint"",""coordinates"":[]}"
202111,119635,2021-11-01,228.6999969,48.76200762,41.44966929,3.799999952,11,24.51332935,7.486625278,64.43794092,118.4648276,35.24713669,mm,SOIL,2021,"{""type"":""MultiPoint"",""coordinates"":[]}"
202112,119635,2021-12-01,228.6999969,48.77109375,41.44966929,3.799999952,12,24.51332935,7.486625278,64.43874163,118.4648276,35.27048873,mm,SOIL,2021,"{""type"":""MultiPoint"",""coordinates"":[]}"
202201,119635,2022-01-01,229,48.78979174,41.44951888,3.799999952,1,24.51332935,7.486625278,64.43862236,118.460274,35.33240763,mm,SOIL,2022,"{""type"":""MultiPoint"",""coordinates"":[]}"
202202,119635,2022-02-01,231.8999939,48.84560953,41.44901216,3.799999952,2,24.51306326,7.486625278,64.43925776,118.4551021,35.36885109,mm,SOIL,2022,"{""type"":""MultiPoint"",""coordinates"":[]}"
202203,119635,2022-03-01,238.6999969,53.10584604,43.45442388,4.800000191,3,26.46584393,8.465636151,71.44675124,130.4236362,38.9753994,mm,SOIL,2022,"{""type"":""MultiPoint"",""coordinates"":[]}"
202204,119635,2022-04-01,238.6999969,58.91834366,50.45794557,4.800000191,4,33.45403989,15.44607777,75.43331827,130.4365534,36.48894427,mm,SOIL,2022,"{""type"":""MultiPoint"",""coordinates"":[]}"
202205,119635,2022-05-01,238.6999969,73.44842703,65.47131601,5.099999905,5,47.45688411,28.47316673,96.4771636,139.4625889,35.46601955,mm,SOIL,2022,"{""type"":""MultiPoint"",""coordinates"":[]}"
202206,119635,2022-06-01,238.6999969,61.85085761,56.44676548,4.400000095,6,34.44276624,19.46072827,80.44410065,128.4353097,35.45117191,mm,SOIL,2022,"{""type"":""MultiPoint"",""coordinates"":[]}"
202207,119635,2022-07-01,165.8999939,37.91783909,33.44505319,5.800000191,7,21.44284145,13.49554938,48.44331222,80.44310393,22.00321818,mm,SOIL,2022,"{""type"":""MultiPoint"",""coordinates"":[]}"
202208,119635,2022-08-01,135.1000061,28.49634283,25.44201622,4.5,8,15.43445811,9.566602738,36.44670769,60.46892332,16.31584433,mm,SOIL,2022,"{""type"":""MultiPoint"",""coordinates"":[]}"
202209,119635,2022-09-01,146.8999939,24.47056421,20.45888372,3.700000048,9,12.45216745,8.509757401,31.44772993,55.43819762,16.30209557,mm,SOIL,2022,"{""type"":""MultiPoint"",""coordinates"":[]}"
202210,119635,2022-10-01,215.6999969,32.43375327,23.4390831,3.5,10,14.44478692,7.539995799,41.43936151,85.47325551,26.80649242,mm,SOIL,2022,"{""type"":""MultiPoint"",""coordinates"":[]}"
202211,119635,2022-11-01,226,33.28699654,23.4406354,3.5,11,14.44388622,7.539995799,41.43844201,89.46455702,29.31769591,mm,SOIL,2022,"{""type"":""MultiPoint"",""coordinates"":[]}"
202212,119635,2022-12-01,226,33.47306385,23.4406354,3.5,12,14.44388622,7.539995799,41.43844201,90.47792237,29.95924128,mm,SOIL,2022,"{""type"":""MultiPoint"",""coordinates"":[]}"
202301,119635,2023-01-01,226,33.88049951,24.47222774,3.5,1,14.44300147,7.539995799,42.43725371,92.45479448,30.34213895,mm,SOIL,2023,"{""type"":""MultiPoint"",""coordinates"":[]}"
202302,119635,2023-02-01,226,33.93755435,24.47218164,3.5,2,14.44359762,7.539995799,42.43723083,92.44698551,30.38173394,mm,SOIL,2023,"{""type"":""MultiPoint"",""coordinates"":[]}"
202303,119635,2023-03-01,229.5,35.29614726,25.43137475,3.5,3,14.44156902,7.539937752,44.44354579,99.4139871,31.57859404,mm,SOIL,2023,"{""type"":""MultiPoint"",""coordinates"":[]}"
202304,119635,2023-04-01,238.6999969,64.93844537,56.44226359,5.300000191,4,40.44692222,22.44415179,82.4436177,131.3993237,35.4550193,mm,SOIL,2023,"{""type"":""MultiPoint"",""coordinates"":[]}"
202305,119635,2023-05-01,228.8999939,52.06104687,43.45815588,10,5,30.44848993,18.42671559,65.45568402,116.4807016,31.34974868,mm,SOIL,2023,"{""type"":""MultiPoint"",""coordinates"":[]}"
202306,119635,2023-06-01,181.3999939,35.40571989,29.43219876,6.900000095,6,20.46045247,12.50905803,43.45232998,82.46390474,22.61631092,mm,SOIL,2023,"{""type"":""MultiPoint"",""coordinates"":[]}"
202307,119635,2023-07-01,127.5999985,24.16577296,20.71047758,3.700000048,7,13.20175381,8.702209381,29.19242877,56.18533165,14.61108598,mm,SOIL,2023,"{""type"":""MultiPoint"",""coordinates"":[]}"
202308,119635,2023-08-01,102.1999969,20.97231292,17.69569058,4.400000095,8,11.69667947,7.708733163,26.18916486,46.18608692,12.71844053,mm,SOIL,2023,"{""type"":""MultiPoint"",""coordinates"":[]}"
202309,119635,2023-09-01,132.3000031,23.78689988,17.44426105,3.599999905,9,11.45480038,6.535120936,31.44762679,59.48458787,17.2692951,mm,SOIL,2023,"{""type"":""MultiPoint"",""coordinates"":[]}"
202310,119635,2023-10-01,224,29.34924975,20.4444904,3.5,10,12.46819279,6.526091548,37.44421335,80.44642243,26.23537153,mm,SOIL,2023,"{""type"":""MultiPoint"",""coordinates"":[]}"
202311,119635,2023-11-01,226,33.58289406,25.44516861,3.5,11,13.44175113,6.515115879,42.4443319,90.47655166,29.68839077,mm,SOIL,2023,"{""type"":""MultiPoint"",""coordinates"":[]}"
202312,119635,2023-12-01,226,36.68330585,27.44630607,3.5,12,13.44412661,6.515618573,46.44849215,104.4297518,33.14539036,mm,SOIL,2023,"{""type"":""MultiPoint"",""coordinates"":[]}"
202401,119635,2024-01-01,226,36.7052893,27.44680279,3.5,1,13.44412661,6.515618573,46.44937783,104.4297518,33.21831404,mm,SOIL,2024,"{""type"":""MultiPoint"",""coordinates"":[]}"
202402,119635,2024-02-01,235.6999969,37.77850693,27.44663133,3.5,2,13.4440303,6.515618573,47.44511118,109.4562911,35.2758392,mm,SOIL,2024,"{""type"":""MultiPoint"",""coordinates"":[]}"
202403,119635,2024-03-01,238.6999969,39.81798291,27.44660183,3.5,3,14.43530395,6.515514121,51.44757291,119.4828279,37.70745353,mm,SOIL,2024,"{""type"":""MultiPoint"",""coordinates"":[]}"
202404,119635,2024-04-01,238.6999969,55.78378141,45.45184587,4.800000191,4,30.45993173,13.46913041,72.45573334,130.4166288,36.94570077,mm,SOIL,2024,"{""type"":""MultiPoint"",""coordinates"":[]}"
202405,119635,2024-05-01,227.5,51.50656408,42.44243262,5.599999905,5,27.44504225,13.45586933,67.43239592,117.4486759,33.63068466,mm,SOIL,2024,"{""type"":""MultiPoint"",""coordinates"":[]}"
202406,119635,2024-06-01,224.1999969,44.35139828,36.44953185,4.400000095,6,22.45452258,11.46818756,58.45653379,104.4346317,30.64118251,mm,SOIL,2024,"{""type"":""MultiPoint"",""coordinates"":[]}"
202407,119635,2024-07-01,164.1999969,28.60416501,23.4429586,4.800000191,7,15.44785227,9.545039641,35.45470653,68.41925427,19.48491657,mm,SOIL,2024,"{""type"":""MultiPoint"",""coordinates"":[]}"
202408,119635,2024-08-01,149.6000061,22.74356832,18.44543122,4.400000095,8,12.47321694,7.499648117,28.4481163,52.46372928,15.46435551,mm,SOIL,2024,"{""type"":""MultiPoint"",""coordinates"":[]}"
202409,119635,2024-09-01,164.3999939,27.79785335,21.44445166,4.099999905,9,12.46954704,6.555633882,37.43968353,69.4491123,20.2627982,mm,SOIL,2024,"{""type"":""MultiPoint"",""coordinates"":[]}"
202410,119635,2024-10-01,226,39.78209674,32.45814231,3.799999952,10,15.45087162,6.414292614,55.46205568,97.41578924,31.35695976,mm,SOIL,2024,"{""type"":""MultiPoint"",""coordinates"":[]}"
202411,119635,2024-11-01,226,42.3381603,34.44284034,3.799999952,11,16.45150748,6.412640196,58.45266796,105.4410111,33.37085109,mm,SOIL,2024,"{""type"":""MultiPoint"",""coordinates"":[]}"
202412,119635,2024-12-01,233.3999939,43.86637878,35.44754202,3.799999952,12,16.4477617,6.411994111,59.45180721,110.4436789,35.72252186,mm,SOIL,2024,"{""type"":""MultiPoint"",""coordinates"":[]}"
