year,month,max_temperature,avg_temperature,min_temperature,avg_wind_speed,precipitation,specific_humidity,AET,PDSI,soil_moisture
2000,1,-6.682693254,-11.24461117,-15.80652909,2.600741187,81.92919397,0.0013151998551862,0.3723351024289387,-0.799248089,44.09737727
2000,2,-0.949546317,-6.469007213,-11.98846811,2.314485037,43.92075106,0.0018201746511541,1.4847705345148965,-1.594592111,44.21489927
2000,3,2.294746145,-2.604777713,-7.504301571,3.117024069,68.49805032,0.0024959675614664,5.072375324002074,-1.489569219,47.51840386
2000,4,6.441004904,0.867106051,-4.706792803,3.004160198,52.42500669,0.0028917960504884,25.02801985019113,-1.351411595,61.35093588
2000,5,10.8757089,5.221883423,-0.431942057,2.784888194,62.11750047,0.0038654746041987,68.55363768154875,-0.979684323,60.77726677
2000,6,16.24630371,10.22098961,4.195675511,2.700227993,64.90755109,0.0055123909518954,80.05710136712105,-0.996616492,46.02823661
2000,7,19.17724549,13.31543858,7.453631659,2.473730551,94.08410698,0.0070619749694432,83.77693708973958,-0.289242691,38.93141973
2000,8,17.56048862,11.92447038,6.288452147,2.649874698,93.62394817,0.0064351063987964,67.99010645,0.505771221,39.62240991
2000,9,13.40983518,8.020974485,2.632113793,2.769534147,89.63498978,0.0052126484027469,47.103801964509685,0.873012688,40.78702497
2000,10,7.526854749,3.028149778,-1.470555193,2.782003796,93.79660116,0.0036375863054479,17.593792579352986,0.791302396,48.01892931
2000,11,0.483352435,-3.296285383,-7.075923202,2.669780229,68.80780199,0.0024451737309312,2.4989976287663422,-0.006959138,48.53804123
2000,12,-6.35530858,-10.26122999,-14.1671514,2.428974554,65.98919749,0.0014993860121602,1.039383822362922,-0.892331998,48.66828062
2001,1,-0.557813573,-4.835875339,-9.113937106,2.80970831,83.81471001,0.0021230050594645,2.708228845027367,-1.483077812,48.83843501
2001,2,-3.480756528,-8.997483226,-14.51420992,2.43230266,39.62413578,0.0014724496066403,1.0643532628065573,-2.379610231,48.84465457
2001,3,1.297554407,-3.915643436,-9.128841278,3.200365524,67.71536929,0.0022545194628954,4.1015225559481925,-2.357887418,52.23140824
2001,4,6.766391991,1.174314529,-4.417762934,2.940746868,43.98076329,0.002895241872699,29.714095377377987,-2.523657767,60.30597301
2001,5,11.46691174,5.763961754,0.061011765,3.408116351,81.5852348,0.0038209862410534,66.46580693810914,-1.743432926,56.10281222
2001,6,15.58854482,9.86557523,4.14260564,2.554858691,92.4486819,0.0054763107380043,81.55403021259472,-0.746221879,50.79699154
2001,7,18.7193339,12.92845777,7.137581636,2.608277034,86.6836004,0.0068189087074506,83.74295565135102,-0.073690796,39.54231575
2001,8,19.86295446,13.50335081,7.143747154,2.523268865,84.05723869,0.0070467331175955,62.75203226934797,0.170527816,34.34315384
2001,9,15.11945579,9.283852739,3.448249687,2.910974583,83.3459324,0.005433586086635,41.81822195700244,-0.019337108,33.57174287
2001,10,6.546919709,2.281600285,-1.98371914,3.073183125,116.0314094,0.0033810672056907,17.953134250448805,0.133404965,44.37878091
2001,11,0.415561103,-3.056017019,-6.527595141,2.838230172,99.73831854,0.0024705187656826,3.1063334,0.128715873,47.59190095
2001,12,-5.524243795,-9.585110857,-13.64597792,2.603121864,91.49992693,0.0015683855557685,1.1945549239428694,-0.019104631,47.67449068
2002,1,-4.291593569,-8.518797177,-12.74600079,2.579366121,85.33115889,0.0017869546004721,1.2612336795029402,-0.377863325,47.75345283
2002,2,-1.661614655,-6.690825229,-11.7200358,2.808251664,64.34343556,0.0018792433483423,1.5778506586142562,-0.644286078,47.95902447
2002,3,-3.962575613,-9.531726104,-15.1008766,2.985379419,63.3487691,0.0014914028935627,1.1196427641491336,-0.599995507,48.11006335
2002,4,3.914546642,-1.704560668,-7.323667979,2.806752358,47.76178608,0.0026023331200012,11.729824756436352,-0.234959952,55.49648058
2002,5,10.45967672,4.665794158,-1.128088401,3.06183266,57.23450833,0.0036453543755399,69.87103695604462,0.039350124,66.63925817
2002,6,17.98417107,11.36356259,4.742954097,2.768251305,66.43740606,0.0057752436223271,87.95486901483962,-0.262452005,47.13844245
2002,7,19.09864988,13.03210448,6.965559069,2.901604294,78.89570762,0.0065945762486009,77.63790695461783,-0.093893198,35.81128258
2002,8,18.57643216,12.26876557,5.961098979,2.767628817,59.48480328,0.0063247310220111,50.92408274117373,-0.573706925,28.35087056
2002,9,13.54345494,8.153489367,2.763523793,2.655111748,87.08269325,0.005214270516122,41.96184240762242,-0.482920242,35.28710073
2002,10,6.754031612,2.207601462,-2.338828687,2.56142211,50.13400762,0.0037373507893481,11.603064510373777,-1.141757902,38.28251139
2002,11,2.394088146,-1.375444767,-5.14497768,2.817550803,98.37970951,0.0029817381057555,5.096067049182281,-1.143057967,45.08506172
2002,12,-1.626787774,-5.208405803,-8.790023832,2.508819121,76.0762811,0.0021331904416012,2.6099132353975096,-1.736734701,46.13036864
2003,1,-3.378142317,-7.479441427,-11.58074054,2.756241661,107.6512722,0.0019864359383346,3.082298201262057,-1.381827398,46.85856298
2003,2,-2.993045569,-7.625387577,-12.25772958,2.192604218,45.69532939,0.0018951958142042,1.594515393148199,-1.57572908,46.94894516
2003,3,-0.922202625,-6.217617524,-11.51303242,3.065608742,96.63731195,0.0020737997213212,3.428651540758376,-0.451541334,49.22216951
2003,4,6.907747658,1.538138551,-3.831470556,2.75836389,58.2506784,0.0031599207882414,30.11115733218935,-0.028105497,72.80606553
2003,5,11.86788424,5.847520315,-0.172843612,2.92282582,51.13756356,0.0038023752708222,72.59293124855725,-0.207664993,62.76099661
2003,6,16.95921853,10.80160386,4.643989176,2.96632952,72.80824257,0.0056198520001207,83.72495935882372,-0.351604301,44.59661637
2003,7,20.69121535,14.01151771,7.331820071,2.626794896,61.31550214,0.0068989080361206,72.65496852,-1.096069978,28.94992083
2003,8,19.92006773,13.2345597,6.549051669,2.495877873,78.29244805,0.0064416422662987,62.59388047620126,-1.156778706,26.30687949
2003,9,14.3458558,8.766954681,3.18805356,2.825844153,90.47645761,0.0052827368019757,45.92425214425156,-1.073020826,31.10463494
2003,10,9.398994075,4.679095715,-0.040802645,2.873507696,134.3918549,0.0041874754987469,26.51057585601077,-0.569667515,48.36026867
2003,11,-1.738221211,-6.146307057,-10.5543929,2.738520874,86.85520517,0.0018971751670025,1.291740628640057,-0.8470079,48.49998465
2003,12,-2.641188507,-6.742055848,-10.84292319,2.757029944,82.89412921,0.0018194549087977,1.791865382182961,-1.24871759,48.62796892
2004,1,-8.046180405,-11.92553191,-15.80488342,2.528451128,104.9663264,0.0014176943174815,0.5306544008889564,-1.029993511,48.63322032
2004,2,0.005063561,-5.198888903,-10.40284137,2.534379107,39.88413631,0.0022216993633612,2.904920464597881,-1.757656581,49.07073957
2004,3,2.288959041,-3.164082703,-8.617124447,3.374140992,71.55574107,0.0025450079794791,7.869232072837169,-1.574001624,55.60800683
2004,4,8.73250427,2.5138957,-3.70471287,2.839085979,41.55635249,0.0032281995590881,39.42057016424738,-1.98563942,66.08589149
2004,5,12.05771534,6.013048697,-0.031617946,2.666755871,52.40115639,0.0042467357794268,70.94811129756913,-2.225551115,56.45434009
2004,6,19.115898,12.05795082,5.000003636,2.46885013,54.31069191,0.0063887677885107,79.56497723761774,-2.787661636,35.32104941
2004,7,20.91421928,14.49207646,8.069933639,2.384951539,62.18706047,0.0076542673102349,69.15905340927573,-3.046811118,24.20424555
2004,8,19.86990331,13.59927884,7.328654371,2.040936639,86.98972742,0.0074258041957058,71.23557838,-2.482300534,27.35737173
2004,9,12.5141316,7.537396813,2.560662027,2.858843825,105.5911668,0.00504971455646,46.69332935946824,-1.413003984,41.72485009
2004,10,6.936724954,2.403916549,-2.128891857,2.875963366,101.9740861,0.0037079058640831,17.180053263509663,-0.873908875,47.80878464
2004,11,1.12707316,-2.6340902,-6.395253561,2.971137142,116.2392798,0.0026764829303039,2.6560428742762454,-0.362616952,49.81169213
2004,12,-3.573567961,-7.481410036,-11.38925211,2.972235036,99.12223297,0.001982338792909,1.8357318460116905,-0.21083439,50.04764588
2005,1,-6.770977844,-11.13626168,-15.50154552,2.573739781,106.9112295,0.0013867552707471,0.4426243032173007,0.190044434,50.05630385
2005,2,-0.21082053,-5.81493162,-11.41904271,2.562479201,55.413917,0.0018647214724795,2.0587025758748423,-0.17952703,50.2557921
2005,3,3.080261755,-2.13172011,-7.343701976,3.195275553,75.77004399,0.002556837704666,7.519615645268652,-0.017817383,54.97295942
2005,4,8.870000556,2.947767749,-2.974465058,3.083838021,53.18328207,0.0031968172405812,46.70306522,-0.60033218,69.20691494
2005,5,14.84987132,8.057980743,1.266090169,2.632842538,53.97535672,0.0047308864301452,79.66539329246687,-1.599928144,52.35761433
2005,6,16.47666063,10.81702318,5.15738572,2.435325239,85.45071245,0.0062310768368202,79.82792003345956,-1.069997018,44.37195738
2005,7,18.43924097,12.71248261,6.985724257,2.674288167,100.4323018,0.0068596669852742,87.37956663996734,-0.088075917,37.08136573
2005,8,18.99413018,12.68317487,6.372219572,2.515838036,82.69451703,0.0067580617728955,71.31398602082703,0.286075614,31.7564355
2005,9,13.67740515,8.248852479,2.820299803,2.647467611,77.17794015,0.0052336712450102,44.852685439007146,0.15604955,35.00518478
2005,10,8.106862726,3.732320258,-0.642222211,2.856323084,117.520262,0.0039701113290521,22.698396797265385,0.217877285,48.25282113
2005,11,1.1441484,-2.339682391,-5.823513183,2.963758857,98.51952239,0.0026146324672487,2.394387682139096,-0.021824505,49.76442761
2005,12,-1.91687358,-5.624003452,-9.331133324,2.616612482,72.49069697,0.0020679078651258,2.0812380324439554,-0.756191915,49.83479239
2006,1,-2.309684991,-6.175258799,-10.04083261,2.596047382,107.4677557,0.0021343372699073,2.514278144262624,-0.796850451,52.01204851
2006,2,-1.548971117,-6.995440907,-12.4419107,2.868866882,48.7149502,0.0016025459248897,1.4762345977351443,-1.402321447,52.03556884
2006,3,-0.434842498,-5.80578092,-11.17671934,2.82426674,55.55723695,0.0019363993831388,2.638434737965533,-1.512104336,53.081638
2006,4,8.271121959,2.366595528,-3.537930902,2.917896124,63.33753577,0.0031283987136618,41.89100625656848,-1.288991647,64.82691091
2006,5,13.03302235,6.893508657,0.75399496,2.777530221,60.68440802,0.0042078158972642,68.85647873431859,-1.394290386,53.97158859
2006,6,18.39133697,11.9346285,5.477920042,2.724951011,66.79596576,0.0058716637393806,82.52786037463373,-1.585774116,38.89972449
2006,7,20.59234968,14.16027916,7.728208637,2.491882713,72.00207959,0.0070916732675618,77.60238874,-1.711264528,26.73060712
2006,8,19.15662619,12.60248311,6.048340022,2.483412421,49.26131426,0.0061656880938703,43.30767547,-2.284672367,21.51005885
2006,9,15.70214018,9.764469423,3.826798665,2.600380708,77.08355098,0.0055887973438054,44.58453709934318,-2.514803588,24.83559768
2006,10,7.556889365,2.769504643,-2.017880079,2.580653018,76.09301733,0.0037326985412269,16.181404970039555,-2.805200255,35.50579311
2006,11,-5.43412907,-9.054374155,-12.67461924,2.935680899,136.3392076,0.0016464081202903,0.7704779553433208,-1.883752054,38.60321418
2006,12,-0.925059295,-5.221372912,-9.517686529,3.126271428,96.77725198,0.0020842717783094,2.355338998630345,-1.733573194,38.83978739
2007,1,-2.900001772,-7.506635502,-12.11326923,2.935298321,99.32395821,0.0017580469973954,1.0775882174139724,-1.737556693,38.84321047
2007,2,-4.480543817,-8.469857807,-12.4591718,2.549746589,80.07079368,0.0019140048107692,1.451738430175846,-1.260508097,39.18517526
2007,3,-0.433204391,-5.249642115,-10.06607984,3.256821938,103.0270599,0.0023139211636297,4.101855489,0.045668234,46.84655731
2007,4,6.175241512,0.924081795,-4.327077922,2.977531633,51.70753993,0.0029277171419902,23.90446243009463,0.098078158,68.54913878
2007,5,12.533404,6.297324271,0.061244538,2.790781493,56.66538166,0.0040027359166305,77.54350489137634,0.146661646,64.62294649
2007,6,16.7579626,10.80546825,4.852973896,2.476083746,73.69569103,0.0060076936712733,84.23344390116506,0.389453597,51.60450283
2007,7,20.83844868,14.54282095,8.247193232,2.520550297,85.26372613,0.0074002010184441,78.50535178876332,0.477120539,40.88396611
2007,8,18.21347669,12.22099632,6.228515952,2.23341629,63.64337832,0.0066406787684895,62.64234359025212,0.374198478,33.68437502
2007,9,13.42448092,8.014838014,2.605195104,2.649637191,95.03830456,0.0052867203241608,46.16588425386891,0.88252908,43.57979722
2007,10,7.654745879,3.425831995,-0.803081889,2.958260269,135.5829025,0.0038160205293297,20.172219311729364,1.363325996,53.80084634
2007,11,-0.227336895,-3.967983208,-7.708629521,2.925824061,77.16683561,0.0023805502821768,1.817421041983238,0.978804061,54.68260503
2007,12,-6.401540753,-10.26375508,-14.1259694,2.565092391,90.73255844,0.0014840175210928,0.6067489884361977,0.826540646,54.83954028
2008,1,-6.029301391,-10.67607909,-15.3228568,2.63186467,78.72643957,0.0014412176887691,0.5518080132294502,0.414420154,54.84644632
2008,2,-3.001644665,-8.13993606,-13.27822745,2.630790208,77.06219752,0.0018294223541718,1.3889422755472949,0.580510436,55.24463035
2008,3,0.612980213,-4.888588652,-10.39015752,2.959719324,63.77786451,0.0021978450686066,3.4534974241713705,0.540150035,57.35279929
2008,4,4.386952942,-0.780653742,-5.948260427,3.163784082,39.01114482,0.002502415844366,10.80314983036965,0.482762289,65.62134341
2008,5,13.15195064,7.196416136,1.240881634,2.913049419,61.41228785,0.0044294203277461,86.61117619521083,0.532976217,71.51971006
2008,6,16.18998547,9.960092572,3.730199676,2.630405347,70.96083692,0.0053347587784238,86.35925804115676,0.470906458,50.64564181
2008,7,19.1225498,12.77228199,6.422014175,2.679196753,80.8946196,0.0065370480512057,78.79584007110817,0.466051787,36.38508647
2008,8,19.16030011,13.05767794,6.955055775,2.570037751,115.8747639,0.0069600710352371,77.97144759626097,1.367776897,40.75427584
2008,9,14.7564391,8.686844146,2.617249191,2.392940834,56.15248381,0.005414888491493,39.30727028106795,0.829026856,36.27696185
2008,10,8.106220358,3.346680588,-1.412859181,3.197271938,97.77502814,0.003566914843269,21.518313919394863,0.465560028,45.92543793
2008,11,1.770063997,-1.854974047,-5.480012091,2.911701961,113.1388768,0.0028730863528615,3.4812744647932266,0.641379297,51.66167315
2008,12,-9.133981064,-13.27081619,-17.40765132,2.675178547,100.3593106,0.0011254369435337,0.093650169,0.873101892,51.73076198
2009,1,-5.895714286,-10.52107692,-15.14643955,2.855739483,100.955526,0.0014574694474407,0.5288056780020531,1.042905729,51.748672
2009,2,-3.852923419,-9.438894506,-15.02486559,2.390754139,54.15002362,0.001499036191636,0.7769541157130707,0.695669753,51.79254852
2009,3,-2.361519269,-7.857318522,-13.35311777,3.18371609,78.23838503,0.001700567157045,1.5793925189432825,1.164765949,52.52143325
2009,4,6.371344571,0.667660377,-5.036023818,2.815292963,50.17914032,0.0027917678307943,23.00874879974661,1.077946572,72.51061952
2009,5,11.96125187,5.540061604,-0.881128656,2.781555007,52.29334538,0.0038538349193035,77.26827569005565,0.754415943,67.85364147
2009,6,17.8218421,11.04378185,4.265721601,2.644889876,65.47063549,0.0055539670180605,92.44357168947974,0.33273119,45.80057022
2009,7,21.33207974,14.29020273,7.248325712,2.415153739,55.07826612,0.007409229922535,71.40653031,-0.710465812,26.72894282
2009,8,19.9150694,13.43432219,6.953574985,2.581058297,72.35861683,0.0068291453522931,57.77763891320291,-1.054625866,25.46818559
2009,9,16.3384348,10.51542676,4.692418716,2.921321406,102.8304876,0.0059293856076225,48.14043109280313,-0.669875575,36.14367575
2009,10,5.57514852,1.656461604,-2.262225312,2.849935509,113.0760357,0.0032767250004529,11.694340770923134,-0.031664867,52.9945163
2009,11,1.003446088,-2.968759106,-6.940964299,3.220183142,99.60286093,0.0025360609949507,2.868868520988483,-0.106572474,55.15234843
2009,12,-8.089533619,-12.23607608,-16.38261855,2.395904297,41.56180578,0.0012007612579657,0.2768597149477464,-0.99797119,55.15545554
2010,1,-3.986708744,-7.75817454,-11.52964034,2.576153797,86.04522041,0.0019449138685286,1.8864106736506523,-1.149243486,55.53803845
2010,2,0.495502937,-4.288074809,-9.071652554,2.231274039,43.2202483,0.002411053633354,3.204866380779077,-1.78324366,56.45796221
2010,3,3.845004211,-1.387512558,-6.620029327,3.230499294,77.08686258,0.0026583741574609,7.219493407750245,-1.643298507,61.87743119
2010,4,8.367262695,2.343604883,-3.680052929,3.071538065,49.15365228,0.0029587626137854,41.29395402272168,-1.905329019,70.73778748
2010,5,12.115469,6.005841705,-0.103785593,2.703719739,62.84657481,0.0039310453849714,71.82046826617182,-1.804605293,59.65935799
2010,6,16.69787901,10.47161804,4.245357067,2.634714124,80.15700085,0.0055606941821329,81.43546657,-1.547348233,46.68275323
2010,7,20.36787842,13.55389335,6.739908276,2.914134859,48.10152607,0.006482349549717,64.87949785,-2.044678882,26.88255163
2010,8,19.46977036,13.1905921,6.911413844,2.437765763,71.28989975,0.0068054643668809,65.56415721809981,-1.783732885,24.48930422
2010,9,13.63294785,8.269622147,2.906296439,2.50494343,123.8590282,0.0052797190224218,46.92840429892998,-0.681041259,45.84820287
2010,10,9.03635845,4.530828308,0.025298167,3.091470838,113.0683767,0.0041426786982005,23.099158297559363,-0.661688511,48.2749822
2010,11,-0.50969936,-4.479654376,-8.449609392,3.026235384,83.88020904,0.0020851920152834,2.1173582651905325,-0.932178272,48.67562829
2010,12,-6.773146561,-10.31223864,-13.85133073,2.456304774,91.68955423,0.0015199954146286,1.1035868026385716,-0.840581104,48.7463031
2011,1,-5.205974404,-9.341989803,-13.4780052,2.737304259,95.68958525,0.0015831404852277,1.0554811617950093,-0.651675051,48.75795387
2011,2,-4.632014178,-9.67914727,-14.72628036,3.041350654,54.30497886,0.0013788989774157,0.5113684172282383,-0.801450712,48.76085021
2011,3,-1.389449445,-6.608901783,-11.82835412,2.932763525,71.95420344,0.0019684662240774,2.556903125,-0.290166385,51.60896694
2011,4,4.999468019,-0.216711201,-5.43289042,2.850886061,41.5614274,0.0026970133971292,14.31635022585403,-0.303492918,67.17843846
2011,5,12.63651445,6.667756603,0.698998755,2.654231747,73.64422911,0.004382287406481,80.51476641,0.098869976,69.84055171
2011,6,16.09310047,10.47083953,4.848578593,2.566849291,79.45375016,0.0059094168716535,86.40951621646721,0.74977632,57.65640476
2011,7,18.03475944,12.56943671,7.104113975,2.681784746,89.026131,0.0067435576814861,83.43486239719655,1.308848412,46.62462113
2011,8,18.83167339,12.60635267,6.381031953,2.595916944,88.55486376,0.0063377527080681,66.59103261848226,1.982646097,38.72543076
2011,9,16.02073723,9.864924129,3.709111032,3.030707745,85.36046969,0.0055698731107812,38.07968271,1.401483546,35.05217107
2011,10,8.063689057,3.634727992,-0.794233073,2.860023615,88.830286,0.0038119538479555,19.43180364037623,0.697508084,44.01914235
2011,11,-2.032038612,-6.087479971,-10.14292133,3.134374468,101.8099829,0.002005117829135,1.2785267388236818,0.529468113,44.79391331
2011,12,-1.115889865,-5.46077313,-9.805656395,3.057182023,72.04083422,0.0020771986425481,2.077938417066799,-0.336394933,44.84019261
2012,1,-4.787183671,-9.241352067,-13.69552046,3.235239044,99.31638984,0.0014670493807728,0.6858626719912847,-0.525783421,44.87422674
2012,2,-0.599473859,-5.755596308,-10.91171876,2.677066743,57.89921361,0.0020476332352245,2.3715425045168685,-0.979910744,45.04733232
2012,3,0.562147432,-4.665744351,-9.893636134,3.054905645,95.46159455,0.0021438674724001,2.800825407872706,0.137021859,47.81745862
2012,4,7.111808055,1.680198707,-3.751410641,2.787412427,57.25034709,0.0031838306666152,29.304038295184696,0.359325003,72.77656504
2012,5,11.79519262,5.84092634,-0.113339938,3.121697934,57.79327518,0.0038081808568574,71.90877730971958,0.238128564,60.44896646
2012,6,15.72748436,10.34412552,4.960766689,2.822356742,128.4212407,0.0057556009018334,87.61376767022405,1.802393651,62.19656167
2012,7,20.84604595,14.06999165,7.293937363,2.426341651,69.27704618,0.0072897614079984,82.97648644374746,1.601213083,37.25980822
2012,8,20.48856562,13.69719636,6.905827106,2.378130827,46.83142204,0.0069508923340621,51.17143820447006,0.737599253,25.87691964
2012,9,16.89989642,9.960846999,3.021797579,2.751785536,54.06806258,0.0055721340287927,29.502698933261662,-1.411676361,23.73356639
2012,10,5.222921567,1.126913119,-2.969095329,2.731421524,79.34835423,0.0031990047023168,11.7824837,-1.56503686,38.37247803
2012,11,-2.454327859,-5.762095524,-9.069863188,2.768014309,93.24087234,0.0022329058248099,1.7760810740758954,-1.26100783,40.73424358
2012,12,-7.268129924,-10.97825738,-14.68838484,2.500216695,90.0048415,0.0015100943424676,0.7472772299315639,-0.581886855,40.77803927
2013,1,-4.483414177,-8.587282577,-12.69115098,2.5347623,75.67611224,0.0018464000157074,1.23023429797492,-0.564830866,40.7785229
2013,2,0.15933639,-4.305662633,-8.770661656,2.708383241,59.92199319,0.0024617434262108,2.702105327351803,-0.869331023,41.33182369
2013,3,0.1746947,-5.613841273,-11.40237725,2.586436965,51.79944336,0.0021126694984726,3.464288538288504,-1.019390524,43.59527184
2013,4,4.223137776,-0.654937222,-5.533012219,3.265224586,55.66776651,0.0027587203667178,14.855590361286666,-0.544632027,54.55434393
2013,5,14.08024058,7.61270348,1.145166379,2.810113545,66.89766569,0.0045642377150054,90.53594253021156,-0.405902306,71.1053209
2013,6,17.77388878,11.85256075,5.931232716,2.452920458,74.13252131,0.0065316326477678,85.99356432674395,0.00797133,52.96137065
2013,7,20.19333054,13.60594859,7.01856664,2.47602523,59.85202203,0.0069838718890656,75.77615474,-0.365053918,32.70936612
2013,8,20.40874368,14.1566989,7.904654112,2.201544046,104.6606631,0.0077802419782547,74.62946554439581,0.505550343,38.73306442
2013,9,16.59985623,10.44228191,4.284707591,2.562857734,89.17910154,0.0062911312581144,49.33022000570469,0.64355565,45.69961593
2013,10,8.617173804,3.931156993,-0.754859817,2.545326713,60.64187936,0.0041780117381409,19.50015768,-0.101296879,48.11566755
2013,11,-1.04591493,-4.88601703,-8.72611913,2.62714643,83.14323417,0.002344388444605,1.6031174535779156,-0.313214239,49.38185507
2013,12,-7.03117935,-10.93845651,-14.84573367,2.64738076,86.53422043,0.0016636867863844,0.5499159793918296,-0.546920704,49.47177917
2014,1,-1.823395252,-6.176359662,-10.52932407,2.799904388,86.28081591,0.0023141984084841,1.7570462969026863,-0.767782711,49.6412097
2014,2,-6.705140169,-12.24426327,-17.78338638,2.563707932,55.32938018,0.0010920578027178,0.3835367391879015,-1.063194653,49.66425226
2014,3,-1.298407302,-6.764860542,-12.23131378,3.078021354,73.69947343,0.0018915534212666,2.400530822704269,-0.801828178,51.91303869
2014,4,6.346397947,0.918009272,-4.510379402,2.978627899,68.72357939,0.0030951040821062,22.544711867233943,-0.18089003,69.87884537
2014,5,13.19299173,7.01481872,0.836645709,2.55593979,53.3483015,0.0044659436395148,81.73359685,-0.259183859,65.52544901
2014,6,17.00597163,10.61193162,4.217891609,2.574910526,101.1089807,0.0056227019951928,93.35130825890572,0.574034826,55.27045806
2014,7,21.47597168,14.58117758,7.686383474,2.555446525,79.64549577,0.0072199778623514,83.35746012997014,0.608337012,38.23693427
2014,8,20.81869348,14.09318885,7.367684226,2.321831189,57.8312471,0.0071319643950046,54.24282445699646,-0.143203511,26.88494312
2014,9,15.41687966,9.389240621,3.36160158,2.502448747,83.43917016,0.005815547868083,46.93313739276917,-0.293321434,31.35478665
2014,10,8.728946982,4.812714845,0.896482708,2.85965003,117.4785336,0.004582662673922,21.50776057587008,-0.226247614,47.77391778
2014,11,-1.778633985,-5.671640627,-9.564647269,2.563676526,102.0042047,0.0021783040510848,1.445984100659906,0.179309491,48.26369321
2014,12,-3.206141201,-6.97117606,-10.73621092,2.502718205,86.74708885,0.001941498645656,1.808900662156888,-0.178803898,48.46064787
2015,1,-2.45549933,-6.374829196,-10.29415906,2.685026593,101.3426156,0.0022358573862298,1.7020907396136409,0.031030168,48.552386
2015,2,-1.243698435,-5.840863214,-10.43802799,2.380174489,69.33133452,0.0023113655418059,2.3866720631304514,0.281349021,51.09303924
2015,3,4.007214475,-1.5163395,-7.039893475,2.892474955,71.45858236,0.0028692025767429,8.022059643800215,0.229425268,60.11413104
2015,4,7.859893824,2.144597624,-3.570698577,3.252248491,58.7580119,0.0031140620481614,37.95896315736952,0.085533087,72.08999909
2015,5,15.30442476,8.234282185,1.164139611,2.559633648,18.60403552,0.0047533252489304,75.03421607250793,-1.916435826,47.95811755
2015,6,19.22826039,12.52977527,5.831290147,2.693647213,49.91463585,0.0062562329158507,68.44284983998132,-3.036530146,29.04086571
2015,7,20.74757174,14.28968751,7.831803278,2.769304529,77.91507498,0.0070009173409175,68.84851823309886,-3.00842903,24.29175855
2015,8,20.03204184,13.77479153,7.517541229,2.618169401,94.73085619,0.0067617285336478,71.22580126824019,-2.272089402,25.42223994
2015,9,13.43528108,7.973600532,2.511919978,2.630760223,86.21451415,0.0051250525125228,38.939727351351245,-2.05100589,32.02378218
2015,10,9.567103239,4.920622266,0.274141294,2.696759973,99.88052204,0.0044679819080913,23.30177960390137,-2.088499188,41.8992748
2015,11,-0.154059466,-4.308455121,-8.462850776,2.944357721,89.55489612,0.0022084423414842,1.4278325789030388,-2.08321526,42.83157894
2015,12,-4.133470609,-7.687125834,-11.24078106,2.332309056,81.53969838,0.0017746465765645,1.2074626468060494,-2.314932968,42.95717051
2016,1,-3.070157981,-7.028139178,-10.98612037,2.476212117,88.99348824,0.0019138671021879,2.1185322254907075,-2.377103757,40.94133754
2016,2,1.009501015,-3.635998386,-8.281497788,2.600788536,85.86653917,0.0025885493563261,4.072727521089483,-1.943630692,44.90156942
2016,3,3.536701987,-1.619605761,-6.77591351,2.815193696,65.62777276,0.0028562307517468,9.522248329448384,-1.887059613,51.08101349
2016,4,9.218323149,3.496918604,-2.224485942,2.842924584,50.00260067,0.0038516862348176,44.92937585290572,-2.089398099,68.26461295
2016,5,14.41338358,7.995711505,1.578039427,2.885311455,56.76295854,0.0045500304295844,78.70933767833911,-2.383115375,52.53630734
2016,6,18.10845509,11.77826742,5.448079756,2.731615046,74.6259915,0.0062936678589289,82.31458780632757,-2.323827115,39.5200744
2016,7,19.93999715,14.02344086,8.106884557,2.487587566,74.68434117,0.0077390398133054,76.89907798438338,-2.137785275,30.62001295
2016,8,20.43743928,14.10803649,7.778633696,2.596126215,70.75299077,0.0073752171111902,66.35810411826168,-1.920922964,26.07877913
2016,9,14.36324027,8.690424665,3.017609059,2.585671967,91.24619591,0.0055083361911805,49.09841324133309,-1.405378397,32.89986646
2016,10,6.212769991,2.479474784,-1.253820424,2.451236886,97.17826471,0.0036698976228483,18.02847878799181,-0.982647758,48.7354019
2016,11,2.514259013,-1.219959628,-4.954178268,2.866415585,102.3235403,0.0030992357403698,5.297423653471877,-0.894655647,51.57599245
2016,12,-7.117382228,-11.18199119,-15.24660015,2.743957714,80.55567694,0.0011762898172409,0.5553493164339186,-0.964542217,51.57985413
2017,1,-4.206927222,-8.949464665,-13.69200211,2.808568988,83.95317877,0.0015110056914589,1.472478542,-0.980404467,51.58007839
2017,2,-2.880670899,-7.795812977,-12.71095505,2.576692274,69.43029493,0.0014938755699032,1.2466847707134074,-0.654477244,51.59007734
2017,3,-1.214045637,-6.089723827,-10.96540202,3.017952974,89.43203132,0.0020181144113022,2.801956434261637,0.196238163,53.90969714
2017,4,6.935717372,1.646921059,-3.641875254,2.874495006,54.74617466,0.0031934293891742,31.105138153748705,0.302974134,71.58869825
2017,5,13.99777016,7.582531025,1.167291885,2.919565635,64.4631695,0.0045888651143669,81.82144076545607,0.200588287,63.56377476
2017,6,16.88577956,10.66017924,4.434578927,3.001848023,93.63909517,0.0057079009813817,90.19713603,0.557749051,50.89596499
2017,7,20.02425155,13.50577912,6.987306686,2.639598128,70.53754742,0.0065711294096577,76.66079994878201,0.219235679,36.20024597
2017,8,21.20058765,14.19378342,7.186979185,2.664064468,70.04678707,0.0069769040195639,55.71405619617281,-0.405357963,26.69273598
2017,9,16.04059961,9.912771461,3.784943309,2.492280268,77.72161539,0.0058971885896493,44.64990054958818,-0.789969,27.1561055
2017,10,7.794183195,3.266936704,-1.260309787,2.989638805,102.7760871,0.00372125937411,26.71599652946466,-0.867509162,40.60104295
2017,11,-2.410515983,-6.111787033,-9.813058083,2.835210409,103.6922797,0.0020565353217684,2.103489438,-0.642484017,42.78964741
2017,12,-4.02013844,-8.33797361,-12.65580878,2.607306129,74.81944317,0.001576269380139,1.1212581993946162,-0.81413402,42.80981242
2018,1,-4.41948882,-8.435937729,-12.45238664,2.431765892,107.8290338,0.0018213722962365,1.5237900463827223,-0.492631468,43.08129178
2018,2,-4.855724075,-10.43663052,-16.01753696,2.656556031,70.5437452,0.0013225278005615,0.7245233173460145,-0.394254912,43.08598814
2018,3,0.534120508,-5.108308773,-10.75073805,2.695433855,56.18803893,0.0021483570644136,3.697518616256441,-0.353441036,44.84614071
2018,4,5.929055912,0.222526463,-5.484002986,2.994515157,51.96247066,0.0028744470619551,21.207533848721177,-0.105074919,60.21908656
2018,5,15.18809424,8.650934862,2.113775481,2.872288405,48.2611272,0.0049003710744106,91.45789011677805,-0.582386018,64.1522433
2018,6,16.97182435,10.92706091,4.882297481,2.904806589,78.40307948,0.0058701808931634,85.26064389668272,-0.518664473,49.52449716
2018,7,20.93686593,14.13041197,7.323958006,2.599525682,53.35177238,0.0071717839182493,71.10071303190043,-1.331457138,27.92894234
2018,8,20.00199837,13.45547067,6.908942974,2.852016384,64.37467446,0.0069167147082059,58.80999033403496,-1.605370061,22.03096639
2018,9,12.30087092,6.653483242,1.006095561,2.197735416,79.72221394,0.0047313611805941,43.9144154690764,-1.762481414,30.26504785
2018,10,7.805566728,3.044909319,-1.71574809,2.456045025,89.58523297,0.0037733667749361,20.82548628401713,-1.87555887,39.39918356
2018,11,0.413419923,-3.041142761,-6.495705445,2.332303285,96.98838598,0.0029896250092627,2.9829380187474617,-1.770806474,41.80726921
2018,12,-3.18829532,-7.031331214,-10.87436711,2.604292255,112.5421738,0.0019715474440325,2.1327546224226435,-1.496071008,42.02710044
2019,1,-1.652184307,-6.017899566,-10.38361482,2.311483642,93.64798088,0.002073743662679,2.083585864331698,-1.342077852,42.84210764
2019,2,-9.477606658,-14.43680796,-19.39600927,2.418402427,32.99851316,0.0009242545613343,0.9158657942401698,-1.806485441,42.84330918
2019,3,2.923007451,-2.478562614,-7.880132678,2.659505181,29.45383401,0.0021547346920375,6.188432618861152,-2.409323291,44.55012536
2019,4,8.162718787,2.513436606,-3.135845574,2.849352341,56.58212959,0.0029897165225456,43.46678580843994,-2.38457398,66.27644603
2019,5,15.45458515,9.388200527,3.321815902,2.66861826,34.1394574,0.0047374646516888,72.11282697944296,-3.116856745,48.8179295
2019,6,17.51276795,11.38237702,5.251986096,2.889939298,88.24303463,0.0060867944734543,81.74009804,-2.59690892,41.61739252
2019,7,19.9117178,13.64454681,7.377375817,2.285552111,105.0583161,0.0075214166720786,86.23438177,-1.433036709,42.02753405
2019,8,19.12252509,12.86363854,6.604751998,2.150702397,92.72023412,0.0070095902804868,71.85742917806867,-0.32065725,40.26888306
2019,9,15.18999273,9.437482036,3.68497134,2.173231918,93.86549658,0.0058572832069607,50.61792733589764,0.417474152,46.34669377
2019,10,6.682204665,2.207969808,-2.26626505,2.562744958,92.43017083,0.0034578760650852,20.03087011110313,0.694537892,53.3325
2019,11,1.554761188,-2.25102275,-6.056806688,2.467992124,114.2017196,0.0027020441237591,3.8080536314373945,1.267826504,55.00039918
2019,12,-1.721430079,-5.776031988,-9.830633897,2.617531697,101.8791023,0.0020861678283007,2.6112899682088693,1.256910892,56.1988524
2020,1,-6.459802889,-10.71627635,-14.97274982,2.833366628,127.1660957,0.0014735618676259,0.980160099519092,1.653870094,56.61129361
2020,2,-0.471391341,-5.46106659,-10.45074184,2.852945547,88.24153508,0.002044482804458,3.251480439530939,1.914938278,57.39985653
2020,3,-0.75214044,-6.140903031,-11.52966562,3.190634312,66.05533427,0.0018494902973904,4.535599093078548,1.871011836,58.29031296
2020,4,6.13215316,0.476492374,-5.179168412,3.090790683,41.59944999,0.0027524794755218,21.316466374025733,1.521383611,65.74336307
2020,5,13.64242137,7.558166142,1.473910912,2.878673342,60.12005571,0.0044877285800421,86.01314062656006,1.291748927,69.16036174
2020,6,16.67767371,10.50248695,4.327300195,2.83412716,105.0352762,0.0059643437378159,88.64207059729208,2.143123442,62.74295801
2020,7,19.49804831,13.22742592,6.956803537,2.629165144,107.3275634,0.007298425174438,91.55203734361542,3.039460142,54.1959045
2020,8,19.0466314,12.7476206,6.448609808,2.80595467,115.7054819,0.0068381509532066,69.45490181415563,3.778055573,47.24555266
2020,9,15.84760558,10.10403799,4.360470393,2.609870333,71.62057113,0.0060969629703428,49.73105357162117,3.237266044,43.33123322
2020,10,6.471887643,2.058250097,-2.355387449,2.70165381,103.81629,0.0035765251687304,18.32543005704539,3.394295667,55.14106647
2020,11,-0.045102624,-3.809229284,-7.573355944,2.992654613,130.9520898,0.0023600798067434,4.095989175917505,3.86780061,57.54096392
2020,12,-0.435940584,-4.411053315,-8.386166046,2.744749191,112.1175534,0.0022376254691216,4.871174731840664,3.877426245,58.18020796
2021,1,-1.813116365,-6.069655007,-10.32619365,2.92246978,107.3542076,0.0019743895621027,1.5707345640267307,3.664239052,58.44364761
2021,2,-6.629127843,-11.61868021,-16.60823257,2.790578332,77.60560539,0.0013143516185495,1.622298073790308,3.502519979,58.45209434
2021,3,1.986513612,-3.402360958,-8.791235529,3.194719765,85.53218277,0.0023639187218061,6.908477663683632,3.502844894,61.83874819
2021,4,7.052116215,1.396470299,-4.259175616,2.955102004,47.02999464,0.0028274313939026,32.44214375,2.856888336,69.07378282
2021,5,12.97071046,6.886399954,0.802089449,2.826894208,59.59206022,0.0042288440391195,78.64837742764125,2.398508146,65.50509458
2021,6,19.82336159,13.64824725,7.473132906,2.778530917,64.26006492,0.0066517118862438,82.89277008063696,1.555220647,42.17852394
2021,7,21.49872353,15.22805418,8.957384832,2.538599733,54.98115035,0.0073040409328618,65.40321254568651,0.395752451,27.69885829
2021,8,19.91105918,13.61207468,7.313090175,2.728084768,89.96153717,0.007221408686248,69.03081118,0.336553795,27.05125134
2021,9,14.87774948,9.134159721,3.390569967,2.872382147,127.237509,0.0056794158195328,50.3874842738749,0.878122097,39.49420068
2021,10,7.284165161,2.870534852,-1.543095457,2.968360214,105.1768715,0.0035554822151705,22.91701754120224,0.746291113,43.68905916
2021,11,1.408655181,-2.355510884,-6.119676949,3.011257459,149.7622088,0.0026372823024523,4.17329682,1.476006981,48.76200762
2021,12,-9.831481073,-13.8064773,-17.78147353,2.553752731,71.52220288,0.0010653044441415,0.495555658,1.066544916,48.77109375
2022,1,-4.714512133,-8.978382912,-13.24225369,2.783658168,114.2433902,0.0016868077915407,0.8842194087012432,1.438064483,48.78979174
2022,2,-1.227949022,-6.221089591,-11.21423016,2.86991622,91.12630875,0.0020059149946781,2.511936434690526,1.937118147,48.84560953
2022,3,2.551540949,-2.821983953,-8.195508856,2.935497314,68.00175896,0.002606747692599,6.949061471839138,1.717418236,53.10584604
2022,4,4.532394373,-1.083940867,-6.700276107,3.01371128,54.3886228,0.0024656900274227,15.869853206236703,1.965496353,58.91834366
2022,5,11.58042888,5.382757945,-0.81491299,2.845156805,73.74988173,0.0039497313161678,73.27686230583484,2.337692388,73.44842703
2022,6,17.62618782,11.49814852,5.37010922,2.607947586,90.18562359,0.006163012622867,91.97138220030445,2.718587768,61.85085761
2022,7,21.00531637,14.72252872,8.439741073,2.635029039,65.90473427,0.0075965403028621,79.70789560137185,2.364664607,37.91783909
2022,8,22.00193031,15.64807051,9.294210705,2.48075055,69.50667367,0.0080001083628524,62.75049208607737,1.80130734,28.49634283
2022,9,16.74507037,10.96265368,5.18023699,2.602002768,57.75704595,0.005962808736623,35.11395745593924,0.262501973,24.47056421
2022,10,11.14511753,6.752961141,2.360804753,2.957325534,97.2869872,0.004753038949283,28.528491220870684,-1.226059047,32.43375327
2022,11,-2.272350444,-6.021852979,-9.771355514,3.01050711,79.04071929,0.0018079512949365,2.1473874988026136,-1.992164535,33.28699654
2022,12,-9.217911998,-13.15552932,-17.09314664,2.483556008,66.84720604,0.0011234673908275,0.6535881548690607,-2.617547636,33.47306385
2023,1,-0.662528778,-4.926399557,-9.190270336,2.590219184,83.15395247,0.0022831773426287,1.919192084580867,-2.840825641,33.88049951
2023,2,-2.295495207,-7.288635358,-12.28177551,2.781900924,98.29021599,0.0018169708133429,1.952764918476516,-2.089063688,33.93755435
2023,3,-1.173251154,-6.546776474,-11.92030179,2.795422395,37.91102672,0.0018585609074831,3.5306148040838936,-2.469337418,35.29614726
2023,4,7.277940637,1.66160498,-3.954730678,3.009968061,64.50334674,0.0030623735384887,34.953551870671895,-2.062890644,64.93844537
2023,5,16.85934313,10.66167262,4.4640021,2.757642505,43.82960533,0.0053058697517559,81.71539519149566,-2.730431154,52.06104687
2023,6,18.71648413,12.58844566,6.460407197,2.812861752,69.56276659,0.0060043636068844,76.76316707209965,-2.974188292,35.40571989
2023,7,21.11548609,14.83269803,8.549909959,2.324595268,67.82480333,0.0076651787523345,75.20990485914488,-3.055714985,24.16577296
2023,8,21.11185902,14.75799921,8.404139412,2.3964615,67.94311768,0.0076270923936085,62.02896920651117,-2.942863292,20.97231292
2023,9,15.64941542,9.866998313,4.084581206,2.669430164,76.66499208,0.0056414584772425,41.42587476,-3.104078865,23.78689988
2023,10,8.719160821,4.32700485,-0.065151121,2.714992775,71.94304274,0.0039872419842408,23.80971874140761,-3.640511992,29.34924975
2023,11,2.946087917,-0.803413782,-4.552915482,2.819589361,100.6799266,0.0029532147737679,4.491784206144692,-3.712906687,33.58289406
2023,12,1.103695556,-2.833921764,-6.771539084,2.891214114,113.9422218,0.0024944894319743,3.150862722536291,-3.57820596,36.68330585
2024,1,-6.015869099,-10.2797403,-14.54361149,2.501675474,90.71114723,0.0015777963196905,1.5415743334925196,-3.647168152,36.7052893
2024,2,-0.996904426,-5.990045412,-10.9831864,2.464945855,50.11338752,0.001880709083587,2.397457910932095,-3.842138133,37.77850693
2024,3,1.587072806,-3.786452097,-9.159976999,2.852091096,45.00800784,0.0021928804898349,5.949159700555828,-4.090710944,39.81798291
2024,4,7.842005222,2.225669982,-3.390665258,2.96398966,49.13762072,0.0028708399426407,43.54370858934073,-4.079155991,55.78378141
2024,5,13.14155211,6.943881589,0.746211072,2.98865927,68.57955873,0.0041791907884831,67.81654520344989,-3.855159973,51.50656408
2024,6,16.67253243,10.54449355,4.416454669,2.682382232,83.93744713,0.0058327866240447,83.16146422057403,-3.25006967,44.35139828
2024,7,22.03203044,15.74924237,9.466454306,2.761140547,68.3859952,0.007406561865273,72.03849433013794,-3.177976774,28.60416501
2024,8,20.53188398,14.17802417,7.824164373,2.454139975,65.57140392,0.007243980900945,63.17509461905632,-3.155408056,22.74356832
2024,9,16.01021321,10.22779652,4.445379831,2.548170216,86.25691359,0.0059954150664959,43.992351839583655,-3.040430261,27.79785335
2024,10,7.702893671,3.3107377,-1.081418271,2.813003315,115.9274517,0.0038409196728311,23.20979087788149,-2.619022472,39.78209674
2024,11,-0.992652946,-4.742155064,-8.491657181,2.741641125,98.21345102,0.0022635310621534,2.8856302434499086,-2.319296078,42.3381603
2024,12,-1.029091067,-4.966708387,-8.904325707,2.505486841,95.15935407,0.0023884295866642,2.4338749057664155,-2.096166055,43.86637878
