system:index,count,date,max,mean,median,min,month,p25,p5,p75,p95,stdDev,unit,variable,year,.geo
200001,119635,2000-01-01,4.170000076,-0.799248089,-1.40568031,-7.010000229,1,-2.285220645,-3.784489692,1.15523113,2.715868255,2.101025783,unitless,PDSI,2000,"{""type"":""MultiPoint"",""coordinates"":[]}"
200002,119635,2000-02-01,3,-1.594592111,-1.784484918,-7.679999828,2,-2.654970188,-4.346044373,-0.969423711,1.654448715,1.774136158,unitless,PDSI,2000,"{""type"":""MultiPoint"",""coordinates"":[]}"
200003,119635,2000-03-01,2.539999962,-1.489569219,-1.594685238,-8.319999695,3,-2.904913399,-4.53257597,0.407460993,1.778780842,1.96728151,unitless,PDSI,2000,"{""type"":""MultiPoint"",""coordinates"":[]}"
200004,119635,2000-04-01,2.269999981,-1.351411595,-1.4049448,-7.989999771,4,-2.470240208,-4.154882149,-0.405688839,1.595431112,1.740157961,unitless,PDSI,2000,"{""type"":""MultiPoint"",""coordinates"":[]}"
200005,119635,2000-05-01,2.140000105,-0.979684323,-1.094496658,-7.190000057,5,-2.21983976,-3.7187762,0.780005852,1.404596389,1.699731512,unitless,PDSI,2000,"{""type"":""MultiPoint"",""coordinates"":[]}"
200006,119635,2000-06-01,2.539999962,-0.996616492,-1.095713103,-7.269999981,6,-2.344890126,-3.968057705,0.845560317,1.528486124,1.846062254,unitless,PDSI,2000,"{""type"":""MultiPoint"",""coordinates"":[]}"
200007,119635,2000-07-01,4.079999924,-0.289242691,0.53366083,-6.869999886,7,-2.154350028,-3.969166408,1.530684134,2.716055588,2.19949715,unitless,PDSI,2000,"{""type"":""MultiPoint"",""coordinates"":[]}"
200008,119635,2000-08-01,4.869999886,0.505771221,1.216299484,-5.360000134,8,-1.284975914,-2.535300711,2.029946806,3.15395358,1.921464579,unitless,PDSI,2000,"{""type"":""MultiPoint"",""coordinates"":[]}"
200009,119635,2000-09-01,4.880000114,0.873012688,1.405581702,-4.800000191,9,-0.904561172,-2.154359997,2.280679582,3.215359283,1.789789987,unitless,PDSI,2000,"{""type"":""MultiPoint"",""coordinates"":[]}"
200010,119635,2000-10-01,4.820000172,0.791302396,1.280787372,-4.769999981,10,-0.970288221,-2.343923803,2.214572548,3.403940784,1.867286459,unitless,PDSI,2000,"{""type"":""MultiPoint"",""coordinates"":[]}"
200011,119635,2000-11-01,4.78000021,-0.006959138,-0.093925415,-4.679999828,11,-1.595134706,-2.844216502,1.594608908,2.846178145,1.901281883,unitless,PDSI,2000,"{""type"":""MultiPoint"",""coordinates"":[]}"
200012,119635,2000-12-01,4.099999905,-0.892331998,-1.469809989,-5.369999886,12,-2.153553998,-3.470101555,0.965407792,2.213133967,1.885742345,unitless,PDSI,2000,"{""type"":""MultiPoint"",""coordinates"":[]}"
200101,119635,2001-01-01,3.539999962,-1.483077812,-1.971231298,-6.420000076,1,-2.905196959,-4.344383341,0.715716927,1.845478289,2.036638257,unitless,PDSI,2001,"{""type"":""MultiPoint"",""coordinates"":[]}"
200102,119635,2001-02-01,3.079999924,-2.379610231,-2.595563289,-6.900000095,2,-3.593295626,-4.843612032,-1.535374221,1.404856087,1.803009271,unitless,PDSI,2001,"{""type"":""MultiPoint"",""coordinates"":[]}"
200103,119635,2001-03-01,3.440000057,-2.357887418,-2.285026654,-7,3,-3.534808264,-5.154593404,-1.53563444,0.965335369,1.757077048,unitless,PDSI,2001,"{""type"":""MultiPoint"",""coordinates"":[]}"
200104,119635,2001-04-01,2.880000114,-2.523657767,-2.34466339,-6.480000019,4,-3.535328349,-5.344124347,-1.593881062,0.593188402,1.604697655,unitless,PDSI,2001,"{""type"":""MultiPoint"",""coordinates"":[]}"
200105,119635,2001-05-01,3.569999933,-1.743432926,-1.905517964,-7.230000019,5,-3.785757464,-5.468655938,0.845227621,1.775649495,2.437023652,unitless,PDSI,2001,"{""type"":""MultiPoint"",""coordinates"":[]}"
200106,119635,2001-06-01,3.890000105,-0.746221879,-1.22119223,-6.5,6,-3.095043775,-4.784891544,2.030513338,3.029151387,2.703862663,unitless,PDSI,2001,"{""type"":""MultiPoint"",""coordinates"":[]}"
200107,119635,2001-07-01,4.550000191,-0.073690796,0.965816625,-6.519999981,7,-2.470278427,-4.40495784,2.345563197,3.345755536,2.665306712,unitless,PDSI,2001,"{""type"":""MultiPoint"",""coordinates"":[]}"
200108,119635,2001-08-01,5.400000095,0.170527816,1.655960786,-6.929999828,8,-2.655606392,-5.034532348,2.654619974,3.965553604,3.047150451,unitless,PDSI,2001,"{""type"":""MultiPoint"",""coordinates"":[]}"
200109,119635,2001-09-01,6.269999981,-0.019337108,1.215939557,-6.960000038,9,-2.968249945,-5.343766156,2.53108108,4.214654295,3.208447568,unitless,PDSI,2001,"{""type"":""MultiPoint"",""coordinates"":[]}"
200110,119635,2001-10-01,6.769999981,0.133404965,1.094674225,-5.949999809,10,-2.654329161,-4.655154527,2.529480148,4.154479141,2.978186027,unitless,PDSI,2001,"{""type"":""MultiPoint"",""coordinates"":[]}"
200111,119635,2001-11-01,6.78000021,0.128715873,0.715643568,-6.010000229,11,-2.533913984,-4.405381348,2.714621882,4.463087568,2.932681764,unitless,PDSI,2001,"{""type"":""MultiPoint"",""coordinates"":[]}"
200112,119635,2001-12-01,6.099999905,-0.019104631,-0.160076338,-6.170000076,12,-2.34561883,-4.65410057,2.466087229,4.028734567,2.806895038,unitless,PDSI,2001,"{""type"":""MultiPoint"",""coordinates"":[]}"
200201,119635,2002-01-01,5.239999771,-0.377863325,-0.786126123,-6.809999943,1,-2.404712323,-4.969498378,1.903477408,3.34501293,2.652550245,unitless,PDSI,2002,"{""type"":""MultiPoint"",""coordinates"":[]}"
200202,119635,2002-02-01,4.710000038,-0.644286078,-1.035657251,-6.650000095,2,-2.470764559,-5.220501936,1.529354371,2.780012093,2.518303679,unitless,PDSI,2002,"{""type"":""MultiPoint"",""coordinates"":[]}"
200203,119635,2002-03-01,4.019999981,-0.599995507,-0.970997896,-6.929999828,3,-2.154766043,-4.968479337,1.464337113,2.594076565,2.365494282,unitless,PDSI,2002,"{""type"":""MultiPoint"",""coordinates"":[]}"
200204,119635,2002-04-01,4.300000191,-0.234959952,0.59634004,-6.289999962,4,-1.970348487,-4.095276198,1.594570033,2.714421941,2.166777153,unitless,PDSI,2002,"{""type"":""MultiPoint"",""coordinates"":[]}"
200205,119635,2002-05-01,4.860000134,0.039350124,0.845417398,-5.849999905,5,-1.469410709,-3.721338027,1.595120185,2.963443149,2.069192259,unitless,PDSI,2002,"{""type"":""MultiPoint"",""coordinates"":[]}"
200206,119635,2002-06-01,5.25,-0.262452005,-0.227459379,-6.380000114,6,-1.784025653,-4.347554949,1.405231381,3.097098884,2.216949598,unitless,PDSI,2002,"{""type"":""MultiPoint"",""coordinates"":[]}"
200207,119635,2002-07-01,4.920000076,-0.093893198,0.596116876,-5.909999847,7,-1.65484897,-4.59483932,1.65550124,3.153840833,2.302297038,unitless,PDSI,2002,"{""type"":""MultiPoint"",""coordinates"":[]}"
200208,119635,2002-08-01,4.53000021,-0.573706925,-1.284217439,-5.800000191,8,-2.093822732,-4.219681644,1.595106553,3.029534208,2.311252579,unitless,PDSI,2002,"{""type"":""MultiPoint"",""coordinates"":[]}"
200209,119635,2002-09-01,4.630000114,-0.482920242,-0.907670237,-5.900000095,9,-2.220729961,-4.283263445,1.716425101,3.030013112,2.356098069,unitless,PDSI,2002,"{""type"":""MultiPoint"",""coordinates"":[]}"
200210,119635,2002-10-01,4.25,-1.141757902,-1.404547389,-5.590000153,10,-2.720496502,-4.346194443,0.844232487,2.155057965,2.054194433,unitless,PDSI,2002,"{""type"":""MultiPoint"",""coordinates"":[]}"
200211,119635,2002-11-01,4.659999847,-1.143057967,-1.154119199,-6.949999809,11,-3.155116607,-4.654880339,1.030149188,2.594999909,2.335110021,unitless,PDSI,2002,"{""type"":""MultiPoint"",""coordinates"":[]}"
200212,119635,2002-12-01,3.349999905,-1.736734701,-1.718529482,-8.710000038,12,-3.344602093,-4.967165732,-0.464183974,1.715095401,2.098627844,unitless,PDSI,2002,"{""type"":""MultiPoint"",""coordinates"":[]}"
200301,119635,2003-01-01,3.450000048,-1.381827398,-1.344927995,-8.600000381,1,-3.154938143,-4.534426772,0.594328456,2.216372778,2.15135426,unitless,PDSI,2003,"{""type"":""MultiPoint"",""coordinates"":[]}"
200302,119635,2003-02-01,3.180000067,-1.57572908,-1.785101229,-8.960000038,2,-3.285573315,-4.967871536,0.715718422,1.777503623,2.212595568,unitless,PDSI,2003,"{""type"":""MultiPoint"",""coordinates"":[]}"
200303,119635,2003-03-01,3.960000038,-0.451541334,-0.84473871,-7.889999866,3,-2.284953359,-4.154109338,1.780910533,2.904119942,2.33524291,unitless,PDSI,2003,"{""type"":""MultiPoint"",""coordinates"":[]}"
200304,119635,2003-04-01,3.480000019,-0.028105497,0.01921659,-7.630000114,4,-1.594949892,-3.652905121,1.904896108,2.653885634,2.139280257,unitless,PDSI,2003,"{""type"":""MultiPoint"",""coordinates"":[]}"
200305,119635,2003-05-01,3.440000057,-0.207664993,-0.09229028,-7.559999943,5,-1.343520245,-3.846700415,1.343434353,2.279744792,1.928930325,unitless,PDSI,2003,"{""type"":""MultiPoint"",""coordinates"":[]}"
200306,119635,2003-06-01,3.00999999,-0.351604301,-0.53994749,-8.090000153,6,-1.469934454,-3.783317562,1.215545307,2.154476754,1.913733309,unitless,PDSI,2003,"{""type"":""MultiPoint"",""coordinates"":[]}"
200307,119635,2003-07-01,2.670000076,-1.096069978,-1.285529668,-8.789999962,7,-2.094412498,-4.345240515,0.715174417,1.655594729,1.829829889,unitless,PDSI,2003,"{""type"":""MultiPoint"",""coordinates"":[]}"
200308,119635,2003-08-01,2.930000067,-1.156778706,-1.220129457,-8.930000305,8,-2.283722132,-4.595102377,0.780629976,1.714561437,1.967429683,unitless,PDSI,2003,"{""type"":""MultiPoint"",""coordinates"":[]}"
200309,119635,2003-09-01,3.460000038,-1.073020826,-1.154992647,-8.489999771,9,-2.218922129,-4.595255908,0.780526263,1.90474186,2.008530378,unitless,PDSI,2003,"{""type"":""MultiPoint"",""coordinates"":[]}"
200310,119635,2003-10-01,3.730000019,-0.569667515,-0.844763852,-6.840000153,10,-1.653595973,-3.594274355,1.094156898,2.215216751,1.929310053,unitless,PDSI,2003,"{""type"":""MultiPoint"",""coordinates"":[]}"
200311,119635,2003-11-01,3.190000057,-0.8470079,-1.034691185,-7.139999866,11,-1.845363885,-3.220276172,0.5946464,1.592811393,1.575084599,unitless,PDSI,2003,"{""type"":""MultiPoint"",""coordinates"":[]}"
200312,119635,2003-12-01,2.930000067,-1.24871759,-1.534662065,-5.869999886,12,-2.284107975,-3.284991298,-0.538482355,1.528110092,1.504044139,unitless,PDSI,2003,"{""type"":""MultiPoint"",""coordinates"":[]}"
200401,119635,2004-01-01,3.440000057,-1.029993511,-1.470307847,-5.25,1,-2.218052658,-3.033926675,0.024694736,2.029470171,1.631250705,unitless,PDSI,2004,"{""type"":""MultiPoint"",""coordinates"":[]}"
200402,119635,2004-02-01,2.230000019,-1.757656581,-1.950229538,-5.389999866,2,-2.520150045,-3.269848636,-1.237304607,0.860547166,1.1596109,unitless,PDSI,2004,"{""type"":""MultiPoint"",""coordinates"":[]}"
200403,119635,2004-03-01,2.089999914,-1.574001624,-1.735322717,-5.230000019,3,-2.485231386,-3.300367017,-0.985773902,0.949506618,1.268641663,unitless,PDSI,2004,"{""type"":""MultiPoint"",""coordinates"":[]}"
200404,119635,2004-04-01,1.840000033,-1.98563942,-2.034251481,-6.170000076,4,-2.905176093,-3.969409296,-1.219576131,0.656748067,1.278604545,unitless,PDSI,2004,"{""type"":""MultiPoint"",""coordinates"":[]}"
200405,119635,2004-05-01,1.24000001,-2.225551115,-2.234954382,-5.849999905,5,-2.769583647,-3.639850851,-1.579980769,-1.080770593,0.864490447,unitless,PDSI,2004,"{""type"":""MultiPoint"",""coordinates"":[]}"
200406,119635,2004-06-01,-0.569999993,-2.787661636,-2.669868636,-6.079999924,6,-3.300055519,-4.360406658,-2.199898685,-1.580387388,0.825934135,unitless,PDSI,2004,"{""type"":""MultiPoint"",""coordinates"":[]}"
200407,119635,2004-07-01,1.019999981,-3.046811118,-2.920065161,-6.320000172,7,-3.799862452,-4.800114888,-2.329133919,-1.450085655,1.016668367,unitless,PDSI,2004,"{""type"":""MultiPoint"",""coordinates"":[]}"
200408,119635,2004-08-01,2.390000105,-2.482300534,-2.470777969,-6.369999886,8,-3.284709113,-4.968785195,-1.785626816,1.15694697,1.527419491,unitless,PDSI,2004,"{""type"":""MultiPoint"",""coordinates"":[]}"
200409,119635,2004-09-01,3.089999914,-1.413003984,-1.593972362,-5.809999943,9,-3.095236514,-4.65449602,-0.595284222,2.403812201,2.257966176,unitless,PDSI,2004,"{""type"":""MultiPoint"",""coordinates"":[]}"
200410,119635,2004-10-01,3.920000076,-0.873908875,-1.468641766,-5.329999924,10,-2.904499983,-4.404856026,1.966222934,2.904829108,2.553029153,unitless,PDSI,2004,"{""type"":""MultiPoint"",""coordinates"":[]}"
200411,119635,2004-11-01,4.849999905,-0.362616952,-0.970158956,-5.730000019,11,-2.468507711,-4.843333807,2.529595877,3.34407745,2.847645409,unitless,PDSI,2004,"{""type"":""MultiPoint"",""coordinates"":[]}"
200412,119635,2004-12-01,4.739999771,-0.21083439,-0.905185219,-6.139999866,12,-1.9701872,-4.535233337,2.279993381,3.344004038,2.67094828,unitless,PDSI,2004,"{""type"":""MultiPoint"",""coordinates"":[]}"
200501,119635,2005-01-01,4.690000057,0.190044434,1.03120296,-6.639999866,1,-1.653470111,-4.036102656,2.465063617,3.529070769,2.592126045,unitless,PDSI,2005,"{""type"":""MultiPoint"",""coordinates"":[]}"
200502,119635,2005-02-01,4.349999905,-0.17952703,0.715898672,-7.329999924,2,-2.093799097,-4.032782107,1.84478957,3.154358712,2.440012836,unitless,PDSI,2005,"{""type"":""MultiPoint"",""coordinates"":[]}"
200503,119635,2005-03-01,3.349999905,-0.017817383,0.964526764,-7.099999905,3,-1.654231269,-3.721350105,1.65488189,2.46407908,2.149099852,unitless,PDSI,2005,"{""type"":""MultiPoint"",""coordinates"":[]}"
200504,119635,2005-04-01,2.970000029,-0.60033218,-0.655599832,-7.190000057,4,-2.034766128,-3.844015269,1.154664687,2.216303807,2.045325389,unitless,PDSI,2005,"{""type"":""MultiPoint"",""coordinates"":[]}"
200505,119635,2005-05-01,3.160000086,-1.599928144,-1.785428956,-6.869999886,5,-2.654415879,-4.468439006,-0.971772759,1.904456205,1.846449596,unitless,PDSI,2005,"{""type"":""MultiPoint"",""coordinates"":[]}"
200506,119635,2005-06-01,3.480000019,-1.069997018,-1.470757479,-6.96999979,6,-2.404801566,-4.283831994,1.027576826,2.345135643,2.143755653,unitless,PDSI,2005,"{""type"":""MultiPoint"",""coordinates"":[]}"
200507,119635,2005-07-01,4.039999962,-0.088075917,-0.554253931,-6.400000095,7,-1.40382167,-3.594910149,1.528513422,2.779942682,1.985889915,unitless,PDSI,2005,"{""type"":""MultiPoint"",""coordinates"":[]}"
200508,119635,2005-08-01,4.809999943,0.286075614,0.845819269,-5.050000191,8,-1.154185516,-2.71965985,1.655469193,2.903791617,1.783099938,unitless,PDSI,2005,"{""type"":""MultiPoint"",""coordinates"":[]}"
200509,119635,2005-09-01,6.210000038,0.15604955,0.03288,-5.090000153,9,-1.284451308,-2.655083491,1.529250132,2.964266603,1.838659131,unitless,PDSI,2005,"{""type"":""MultiPoint"",""coordinates"":[]}"
200510,119635,2005-10-01,6.559999943,0.217877285,0.028888888,-4.670000076,10,-1.28560394,-2.655999279,1.529458122,3.465312533,1.929375671,unitless,PDSI,2005,"{""type"":""MultiPoint"",""coordinates"":[]}"
200511,119635,2005-11-01,5.96999979,-0.021824505,-0.347142861,-4.75,11,-1.721046948,-2.843947656,1.594536568,3.029384366,2.007742754,unitless,PDSI,2005,"{""type"":""MultiPoint"",""coordinates"":[]}"
200512,119635,2005-12-01,5.340000153,-0.756191915,-1.155518614,-5.090000153,12,-2.282781066,-3.536117465,1.030344847,2.279292564,1.968261079,unitless,PDSI,2005,"{""type"":""MultiPoint"",""coordinates"":[]}"
200601,119635,2006-01-01,5.21999979,-0.796850451,-1.155249413,-5.289999962,1,-2.655884645,-4.153574457,1.154284078,2.593763207,2.247172835,unitless,PDSI,2006,"{""type"":""MultiPoint"",""coordinates"":[]}"
200602,119635,2006-02-01,5.230000019,-1.402321447,-1.595689683,-5.579999924,2,-2.970094697,-4.534347962,-0.158907564,2.21436504,2.122934752,unitless,PDSI,2006,"{""type"":""MultiPoint"",""coordinates"":[]}"
200603,119635,2006-03-01,4.739999771,-1.512104336,-1.594511849,-5.610000134,3,-2.905074066,-4.405206846,-0.720755617,1.964158776,1.956934134,unitless,PDSI,2006,"{""type"":""MultiPoint"",""coordinates"":[]}"
200604,119635,2006-04-01,4.369999886,-1.288991647,-1.286073225,-6.619999886,4,-2.904358633,-4.785091778,0.845364526,1.905042361,2.166081854,unitless,PDSI,2006,"{""type"":""MultiPoint"",""coordinates"":[]}"
200605,119635,2006-05-01,3.519999981,-1.394290386,-1.535632066,-7.159999847,5,-2.905658517,-5.09387503,0.84464753,2.028623704,2.274645942,unitless,PDSI,2006,"{""type"":""MultiPoint"",""coordinates"":[]}"
200606,119635,2006-06-01,4.150000095,-1.585774116,-1.905427923,-7.199999809,6,-3.345304966,-4.84378644,0.655740262,2.09500698,2.250197779,unitless,PDSI,2006,"{""type"":""MultiPoint"",""coordinates"":[]}"
200607,119635,2006-07-01,3.700000048,-1.711264528,-2.155540844,-6.78000021,7,-3.220615317,-4.406049875,-0.217170808,1.464546873,1.924172773,unitless,PDSI,2006,"{""type"":""MultiPoint"",""coordinates"":[]}"
200608,119635,2006-08-01,2.50999999,-2.284672367,-2.785607696,-7.139999866,8,-3.785080499,-4.903317294,-1.035452477,1.344423214,1.978035892,unitless,PDSI,2006,"{""type"":""MultiPoint"",""coordinates"":[]}"
200609,119635,2006-09-01,2.559999943,-2.514803588,-2.84484764,-6.980000019,9,-3.970496966,-4.969579216,-1.345151183,1.154371922,1.84632634,unitless,PDSI,2006,"{""type"":""MultiPoint"",""coordinates"":[]}"
200610,119635,2006-10-01,1.980000019,-2.805200255,-3.095675698,-6.820000172,10,-4.155468151,-4.90439781,-1.719337844,0.780065279,1.629997391,unitless,PDSI,2006,"{""type"":""MultiPoint"",""coordinates"":[]}"
200611,119635,2006-11-01,2.930000067,-1.883752054,-2.285298179,-6.440000057,11,-3.220140618,-4.218466593,-0.90242062,1.528337681,1.800161617,unitless,PDSI,2006,"{""type"":""MultiPoint"",""coordinates"":[]}"
200612,119635,2006-12-01,4.059999943,-1.733573194,-2.154763215,-6.670000076,12,-2.970588489,-4.094464484,-0.720523943,1.464840877,1.7750211,unitless,PDSI,2006,"{""type"":""MultiPoint"",""coordinates"":[]}"
200701,119635,2007-01-01,3.49000001,-1.737556693,-1.785145691,-7.150000095,1,-2.784857232,-4.285713161,-0.906347292,1.278639944,1.659411097,unitless,PDSI,2007,"{""type"":""MultiPoint"",""coordinates"":[]}"
200702,119635,2007-02-01,3.50999999,-1.260508097,-1.343965736,-7.480000019,2,-2.344997533,-4.156829226,-0.153351065,1.715287389,1.771907903,unitless,PDSI,2007,"{""type"":""MultiPoint"",""coordinates"":[]}"
200703,119635,2007-03-01,4.380000114,0.045668234,0.346656741,-7.21999979,3,-1.719889148,-3.219777807,1.904347281,2.963782892,2.155306296,unitless,PDSI,2007,"{""type"":""MultiPoint"",""coordinates"":[]}"
200704,119635,2007-04-01,4.699999809,0.098078158,0.845853575,-7.03000021,4,-1.470027564,-3.096088032,1.84645455,2.527505149,1.975769984,unitless,PDSI,2007,"{""type"":""MultiPoint"",""coordinates"":[]}"
200705,119635,2007-05-01,4.130000114,0.146661646,0.782764127,-6.889999866,5,-1.034778037,-2.536058789,1.464654853,2.215172434,1.64338088,unitless,PDSI,2007,"{""type"":""MultiPoint"",""coordinates"":[]}"
200706,119635,2007-06-01,4.380000114,0.389453597,1.030651008,-7.699999809,6,-1.283206491,-2.845459405,1.844742103,2.903489716,1.94940087,unitless,PDSI,2007,"{""type"":""MultiPoint"",""coordinates"":[]}"
200707,119635,2007-07-01,4.550000191,0.477120539,1.031123625,-7.980000019,7,-1.283064363,-3.218638866,2.27914404,3.778906805,2.311490214,unitless,PDSI,2007,"{""type"":""MultiPoint"",""coordinates"":[]}"
200708,119635,2007-08-01,4.920000076,0.374198478,0.844515728,-7.199999809,8,-1.469596533,-3.404240053,2.404302417,3.84411148,2.373228158,unitless,PDSI,2007,"{""type"":""MultiPoint"",""coordinates"":[]}"
200709,119635,2007-09-01,6.340000153,0.88252908,1.094818602,-6.090000153,9,-1.220096212,-3.220842946,2.844006253,4.965273801,2.565662111,unitless,PDSI,2007,"{""type"":""MultiPoint"",""coordinates"":[]}"
200710,119635,2007-10-01,6.980000019,1.363325996,1.344324759,-6.510000229,10,-0.970223715,-2.906209397,3.344659596,5.779606263,2.73604681,unitless,PDSI,2007,"{""type"":""MultiPoint"",""coordinates"":[]}"
200711,119635,2007-11-01,6.599999905,0.978804061,1.154842883,-6.070000172,11,-1.345252829,-3.155481449,3.281186411,5.214797221,2.685482078,unitless,PDSI,2007,"{""type"":""MultiPoint"",""coordinates"":[]}"
200712,119635,2007-12-01,6.360000134,0.826540646,0.965345243,-6.079999924,12,-1.342650248,-2.782586739,2.96427185,5.214792035,2.61460749,unitless,PDSI,2007,"{""type"":""MultiPoint"",""coordinates"":[]}"
200801,119635,2008-01-01,6.070000172,0.414420154,-0.4125543,-6.230000019,1,-1.721662696,-2.716380255,2.40489118,5.154191457,2.583695143,unitless,PDSI,2008,"{""type"":""MultiPoint"",""coordinates"":[]}"
200802,119635,2008-02-01,6.079999924,0.580510436,-0.03771646,-6.139999866,2,-1.594496142,-2.405132019,2.594555002,5.21467575,2.561688064,unitless,PDSI,2008,"{""type"":""MultiPoint"",""coordinates"":[]}"
200803,119635,2008-03-01,6.190000057,0.540150035,0.030786324,-6.25,3,-1.47064702,-2.469599033,2.46491118,5.094834862,2.474498233,unitless,PDSI,2008,"{""type"":""MultiPoint"",""coordinates"":[]}"
200804,119635,2008-04-01,6.010000229,0.482762289,0.28128799,-5.28000021,4,-1.654533831,-2.344381273,2.28047754,4.90411345,2.380818489,unitless,PDSI,2008,"{""type"":""MultiPoint"",""coordinates"":[]}"
200805,119635,2008-05-01,6.130000114,0.532976217,0.77795775,-5.369999886,5,-1.655530963,-2.403520155,1.965099614,4.965847777,2.325001499,unitless,PDSI,2008,"{""type"":""MultiPoint"",""coordinates"":[]}"
200806,119635,2008-06-01,6.28000021,0.470906458,0.65584823,-4.829999924,6,-1.595020244,-2.404182383,2.029013421,4.845289747,2.26775433,unitless,PDSI,2008,"{""type"":""MultiPoint"",""coordinates"":[]}"
200807,119635,2008-07-01,6.679999828,0.466051787,0.84473377,-5.550000191,7,-1.72033728,-2.719508086,1.905706968,4.96620681,2.339139509,unitless,PDSI,2008,"{""type"":""MultiPoint"",""coordinates"":[]}"
200808,119635,2008-08-01,6.710000038,1.367776897,1.845132801,-4.900000095,8,-0.785487299,-2.534638898,2.653522338,5.155166276,2.247161766,unitless,PDSI,2008,"{""type"":""MultiPoint"",""coordinates"":[]}"
200809,119635,2008-09-01,5.380000114,0.829026856,1.464960199,-4.210000038,9,-1.285855133,-2.718420103,2.21503811,4.031901063,2.110543381,unitless,PDSI,2008,"{""type"":""MultiPoint"",""coordinates"":[]}"
200810,119635,2008-10-01,4.5,0.465560028,1.029686773,-4.170000076,10,-1.536115684,-2.784701544,2.153641617,3.345175789,2.060224769,unitless,PDSI,2008,"{""type"":""MultiPoint"",""coordinates"":[]}"
200811,119635,2008-11-01,4.730000019,0.641379297,1.405679583,-4.489999771,11,-1.535054276,-2.967580071,2.407492993,3.59544945,2.190267101,unitless,PDSI,2008,"{""type"":""MultiPoint"",""coordinates"":[]}"
200812,119635,2008-12-01,5.269999981,0.873101892,1.345091287,-4.78000021,12,-1.405588651,-2.653772228,2.905230701,4.15546058,2.34896666,unitless,PDSI,2008,"{""type"":""MultiPoint"",""coordinates"":[]}"
200901,119635,2009-01-01,6.019999981,1.042905729,1.404764594,-4.960000038,1,-1.534753167,-2.844369966,3.530350415,4.904973444,2.72307014,unitless,PDSI,2009,"{""type"":""MultiPoint"",""coordinates"":[]}"
200902,119635,2009-02-01,7.050000191,0.695669753,1.09410329,-4.829999924,2,-1.904672485,-3.347506514,3.095610347,4.780176194,2.751578155,unitless,PDSI,2009,"{""type"":""MultiPoint"",""coordinates"":[]}"
200903,119635,2009-03-01,7.349999905,1.164765949,1.404589267,-4.119999886,3,-1.405221631,-2.844791923,3.465427452,5.344674719,2.701482067,unitless,PDSI,2009,"{""type"":""MultiPoint"",""coordinates"":[]}"
200904,119635,2009-04-01,6.369999886,1.077946572,1.529207761,-4.159999847,4,-1.154282796,-2.843057197,2.904062232,4.528148234,2.367660731,unitless,PDSI,2009,"{""type"":""MultiPoint"",""coordinates"":[]}"
200905,119635,2009-05-01,5.539999962,0.754415943,1.345087176,-4.03000021,5,-1.285442438,-2.845214013,2.404522461,3.655191871,2.105118285,unitless,PDSI,2009,"{""type"":""MultiPoint"",""coordinates"":[]}"
200906,119635,2009-06-01,4.760000229,0.33273119,1.029858859,-4.650000095,6,-1.972476213,-3.345526974,2.279870554,3.4064322,2.276165493,unitless,PDSI,2009,"{""type"":""MultiPoint"",""coordinates"":[]}"
200907,119635,2009-07-01,3.200000048,-0.710465812,-1.286364461,-4.789999962,7,-2.345347061,-3.534363704,1.154703222,2.094125828,1.927021824,unitless,PDSI,2009,"{""type"":""MultiPoint"",""coordinates"":[]}"
200908,119635,2009-08-01,3.460000038,-1.054625866,-1.534407113,-4.949999809,8,-2.283789046,-3.719235467,0.90573829,2.154639626,1.898947481,unitless,PDSI,2009,"{""type"":""MultiPoint"",""coordinates"":[]}"
200909,119635,2009-09-01,4.309999943,-0.669875575,-1.469829619,-4.869999886,9,-2.654236222,-3.844329024,1.714715694,3.094818487,2.34940255,unitless,PDSI,2009,"{""type"":""MultiPoint"",""coordinates"":[]}"
200910,119635,2009-10-01,4.929999828,-0.031664867,-1.285828797,-3.950000048,10,-1.904966044,-2.784013481,2.215411482,3.962987048,2.375187477,unitless,PDSI,2009,"{""type"":""MultiPoint"",""coordinates"":[]}"
200911,119635,2009-11-01,4.929999828,-0.106572474,-1.155446369,-3.960000038,11,-1.904998535,-2.654799938,1.965253733,3.652601103,2.193258216,unitless,PDSI,2009,"{""type"":""MultiPoint"",""coordinates"":[]}"
200912,119635,2009-12-01,4.829999924,-0.99797119,-1.970320225,-4.619999886,12,-2.719680142,-3.533738904,1.27965717,3.405712278,2.317989562,unitless,PDSI,2009,"{""type"":""MultiPoint"",""coordinates"":[]}"
201001,119635,2010-01-01,4.739999771,-1.149243486,-2.09493282,-5.269999981,1,-2.904857114,-3.844691615,1.154644637,3.464528336,2.40176256,unitless,PDSI,2010,"{""type"":""MultiPoint"",""coordinates"":[]}"
201002,119635,2010-02-01,4.090000153,-1.78324366,-2.535276008,-5.949999809,2,-3.344885973,-4.345068592,-0.781864594,3.030891537,2.260462996,unitless,PDSI,2010,"{""type"":""MultiPoint"",""coordinates"":[]}"
201003,119635,2010-03-01,4.159999847,-1.643298507,-2.155100517,-7.239999771,3,-2.969898826,-4.095766368,-1.155307901,3.093226748,2.084695782,unitless,PDSI,2010,"{""type"":""MultiPoint"",""coordinates"":[]}"
201004,119635,2010-04-01,2.950000048,-1.905329019,-2.220884352,-7.659999847,4,-2.845218353,-3.783973078,-1.535134497,1.782015035,1.57824092,unitless,PDSI,2010,"{""type"":""MultiPoint"",""coordinates"":[]}"
201005,119635,2010-05-01,3.109999895,-1.804605293,-2.154132797,-8.630000114,5,-2.845170112,-3.654667988,-1.345174124,1.594532439,1.600001493,unitless,PDSI,2010,"{""type"":""MultiPoint"",""coordinates"":[]}"
201006,119635,2010-06-01,4.079999924,-1.547348233,-2.220973087,-7.949999809,6,-2.654474723,-3.345700717,-1.035055286,2.465438034,1.815249548,unitless,PDSI,2010,"{""type"":""MultiPoint"",""coordinates"":[]}"
201007,119635,2010-07-01,6.210000038,-2.044678882,-2.845200448,-8.390000343,7,-3.470494861,-4.155316427,-1.469003156,2.965677449,2.219045559,unitless,PDSI,2010,"{""type"":""MultiPoint"",""coordinates"":[]}"
201008,119635,2010-08-01,6.590000153,-1.783732885,-2.344415342,-7.46999979,8,-3.470101478,-4.404452803,-0.970787423,2.59487672,2.296428287,unitless,PDSI,2010,"{""type"":""MultiPoint"",""coordinates"":[]}"
201009,119635,2010-09-01,6.519999981,-0.681041259,-1.28514372,-6.010000229,9,-2.655460743,-3.784642824,1.779429548,3.030640754,2.378381718,unitless,PDSI,2010,"{""type"":""MultiPoint"",""coordinates"":[]}"
201010,119635,2010-10-01,6.179999828,-0.661688511,-1.095214859,-6.079999924,10,-2.469820718,-3.784888272,1.464839253,2.904399694,2.252349363,unitless,PDSI,2010,"{""type"":""MultiPoint"",""coordinates"":[]}"
201011,119635,2010-11-01,5.5,-0.932178272,-1.405134522,-6.170000076,11,-2.46941463,-3.905841125,0.965409142,2.846496894,2.124689081,unitless,PDSI,2010,"{""type"":""MultiPoint"",""coordinates"":[]}"
201012,119635,2010-12-01,5.820000172,-0.840581104,-1.285351903,-6.820000172,12,-2.154769392,-3.153727179,0.781461068,2.714947617,1.876056341,unitless,PDSI,2010,"{""type"":""MultiPoint"",""coordinates"":[]}"
201101,119635,2011-01-01,6.420000076,-0.651675051,-1.219665947,-7.130000114,1,-2.03539307,-2.842988417,1.032294938,2.844165499,1.875527602,unitless,PDSI,2011,"{""type"":""MultiPoint"",""coordinates"":[]}"
201102,119635,2011-02-01,6.239999771,-0.801450712,-1.154844617,-7.489999771,2,-2.345026087,-3.344403571,0.904522712,2.904118374,1.983739893,unitless,PDSI,2011,"{""type"":""MultiPoint"",""coordinates"":[]}"
201103,119635,2011-03-01,5.53000021,-0.290166385,-0.719408218,-7.539999962,3,-2.469736337,-3.595283558,1.779168209,3.34514846,2.409806072,unitless,PDSI,2011,"{""type"":""MultiPoint"",""coordinates"":[]}"
201104,119635,2011-04-01,5.849999905,-0.303492918,-0.844765017,-6.309999943,4,-2.845925834,-3.90599464,2.030553123,3.779017101,2.640259219,unitless,PDSI,2011,"{""type"":""MultiPoint"",""coordinates"":[]}"
201105,119635,2011-05-01,5.929999828,0.098869976,-0.654964954,-5.730000019,5,-2.65552659,-3.784870284,2.716308824,4.654684033,2.908605672,unitless,PDSI,2011,"{""type"":""MultiPoint"",""coordinates"":[]}"
201106,119635,2011-06-01,6.309999943,0.74977632,1.845581423,-5.869999886,6,-2.219966729,-3.844595869,3.094407769,4.843639091,2.992842639,unitless,PDSI,2011,"{""type"":""MultiPoint"",""coordinates"":[]}"
201107,119635,2011-07-01,8.909999847,1.308848412,1.964385018,-6.110000134,7,-1.469183332,-2.781707959,3.406074834,5.405240592,2.813865831,unitless,PDSI,2011,"{""type"":""MultiPoint"",""coordinates"":[]}"
201108,119635,2011-08-01,8.989999771,1.982646097,2.280129776,-5.039999962,8,1.595421072,-1.721595772,2.905559413,4.343038229,1.890686004,unitless,PDSI,2011,"{""type"":""MultiPoint"",""coordinates"":[]}"
201109,119635,2011-09-01,7.420000076,1.401483546,1.779711075,-4.849999905,9,0.715957679,-2.034021323,2.654651593,3.653207289,1.913489231,unitless,PDSI,2011,"{""type"":""MultiPoint"",""coordinates"":[]}"
201110,119635,2011-10-01,6.389999866,0.697508084,1.215278305,-4.489999771,10,-1.536405901,-2.404649001,2.155339308,3.213899843,1.997260772,unitless,PDSI,2011,"{""type"":""MultiPoint"",""coordinates"":[]}"
201111,119635,2011-11-01,5.420000076,0.529468113,1.280877073,-4.480000019,11,-1.40412415,-2.842557383,2.094518161,3.029040448,2.012540708,unitless,PDSI,2011,"{""type"":""MultiPoint"",""coordinates"":[]}"
201112,119635,2011-12-01,4.659999847,-0.336394933,0.595332653,-5.199999809,12,-2.34479389,-4.034885081,1.595668983,2.780324562,2.281924249,unitless,PDSI,2011,"{""type"":""MultiPoint"",""coordinates"":[]}"
201201,119635,2012-01-01,5.070000172,-0.525783421,0.025687074,-5.949999809,1,-2.720156244,-4.719101964,1.595133063,2.845610596,2.523083837,unitless,PDSI,2012,"{""type"":""MultiPoint"",""coordinates"":[]}"
201202,119635,2012-02-01,4.369999886,-0.979910744,-1.220998354,-6.789999962,2,-2.719167581,-4.402515085,1.030655109,2.21499736,2.207717201,unitless,PDSI,2012,"{""type"":""MultiPoint"",""coordinates"":[]}"
201203,119635,2012-03-01,4.650000095,0.137021859,1.155757154,-6.400000095,3,-1.970430941,-3.785234328,1.905156132,3.154853987,2.297570565,unitless,PDSI,2012,"{""type"":""MultiPoint"",""coordinates"":[]}"
201204,119635,2012-04-01,4.059999943,0.359325003,1.030188463,-5.579999924,4,-1.719280845,-3.284247493,2.529676299,3.279188959,2.331442317,unitless,PDSI,2012,"{""type"":""MultiPoint"",""coordinates"":[]}"
201205,119635,2012-05-01,4.170000076,0.238128564,1.09554198,-6.260000229,5,-1.844437979,-3.970430492,2.279858375,3.15488881,2.392758984,unitless,PDSI,2012,"{""type"":""MultiPoint"",""coordinates"":[]}"
201206,119635,2012-06-01,5.110000134,1.802393651,2.279978725,-5.190000057,6,0.029230769,-2.093908808,3.715963265,4.34503413,2.183279371,unitless,PDSI,2012,"{""type"":""MultiPoint"",""coordinates"":[]}"
201207,119635,2012-07-01,5.940000057,1.601213083,2.030055145,-5.25,7,1.030090466,-1.786428136,2.780127966,3.965533841,1.787681471,unitless,PDSI,2012,"{""type"":""MultiPoint"",""coordinates"":[]}"
201208,119635,2012-08-01,5.769999981,0.737599253,1.155603468,-6.150000095,8,-0.905911175,-2.594826245,1.903942493,3.594508682,1.913933415,unitless,PDSI,2012,"{""type"":""MultiPoint"",""coordinates"":[]}"
201209,119635,2012-09-01,5.840000153,-1.411676361,-2.035048706,-6.53000021,9,-3.154183304,-4.093829698,0.653969966,3.028070149,2.339269804,unitless,PDSI,2012,"{""type"":""MultiPoint"",""coordinates"":[]}"
201210,119635,2012-10-01,5.25,-1.56503686,-2.034992898,-5.559999943,10,-2.784373922,-3.719823314,-1.095521552,1.965109922,1.798732018,unitless,PDSI,2012,"{""type"":""MultiPoint"",""coordinates"":[]}"
201211,119635,2012-11-01,4.809999943,-1.26100783,-1.720919128,-5.420000076,11,-2.654845503,-3.719265432,-0.655932228,2.347057084,1.926174295,unitless,PDSI,2012,"{""type"":""MultiPoint"",""coordinates"":[]}"
201212,119635,2012-12-01,4.5,-0.581886855,-1.404765605,-6.269999981,12,-2.845069707,-4.033482668,2.155196129,3.715839685,2.660522719,unitless,PDSI,2012,"{""type"":""MultiPoint"",""coordinates"":[]}"
201301,119635,2013-01-01,4.639999866,-0.564830866,-1.534339828,-6.619999886,1,-3.345357686,-4.533871054,2.529378525,4.094180632,3.057201694,unitless,PDSI,2013,"{""type"":""MultiPoint"",""coordinates"":[]}"
201302,119635,2013-02-01,4.539999962,-0.869331023,-1.655063367,-7.03000021,2,-3.284435721,-5.035590153,2.030253857,3.593101606,2.920639133,unitless,PDSI,2013,"{""type"":""MultiPoint"",""coordinates"":[]}"
201303,119635,2013-03-01,4.369999886,-1.019390524,-1.84508619,-7.519999981,3,-3.033728539,-4.34434214,1.530447855,3.153582646,2.558237135,unitless,PDSI,2013,"{""type"":""MultiPoint"",""coordinates"":[]}"
201304,119635,2013-04-01,4.820000172,-0.544632027,-1.219864378,-7.840000153,4,-2.59459516,-4.034697422,1.966533806,3.78222686,2.628863793,unitless,PDSI,2013,"{""type"":""MultiPoint"",""coordinates"":[]}"
201305,119635,2013-05-01,4.809999943,-0.405902306,-0.970213115,-7.739999771,5,-1.844926414,-3.784016588,1.40459085,3.344627569,2.247039084,unitless,PDSI,2013,"{""type"":""MultiPoint"",""coordinates"":[]}"
201306,119635,2013-06-01,4.630000114,0.00797133,0.08952381,-7.539999962,6,-1.785115813,-3.719488918,2.155801579,3.403240704,2.398487506,unitless,PDSI,2013,"{""type"":""MultiPoint"",""coordinates"":[]}"
201307,119635,2013-07-01,4.539999962,-0.365053918,-0.786158283,-7.71999979,7,-2.287568458,-4.346063023,1.90507819,3.15491107,2.485818348,unitless,PDSI,2013,"{""type"":""MultiPoint"",""coordinates"":[]}"
201308,119635,2013-08-01,7.550000191,0.505550343,0.90516921,-7.179999828,8,-2.219077652,-4.033507719,2.965083047,5.213753757,3.070128455,unitless,PDSI,2013,"{""type"":""MultiPoint"",""coordinates"":[]}"
201309,119635,2013-09-01,8.199999809,0.64355565,0.965044834,-7.010000229,9,-1.846132477,-4.034051817,2.845885511,5.594950857,3.087450136,unitless,PDSI,2013,"{""type"":""MultiPoint"",""coordinates"":[]}"
201310,119635,2013-10-01,7.630000114,-0.101296879,-0.59340256,-8.090000153,10,-2.404806061,-5.219075761,2.345339142,5.094447987,3.230922988,unitless,PDSI,2013,"{""type"":""MultiPoint"",""coordinates"":[]}"
201311,119635,2013-11-01,7.75,-0.313214239,-1.064333901,-8.619999886,11,-2.812869553,-5.567975257,2.312693393,5.429622957,3.445148741,unitless,PDSI,2013,"{""type"":""MultiPoint"",""coordinates"":[]}"
201312,119635,2013-12-01,9.220000267,-0.546920704,-1.815893751,-8.75,12,-3.06570424,-5.190485385,2.560501672,6.061336684,3.585351644,unitless,PDSI,2013,"{""type"":""MultiPoint"",""coordinates"":[]}"
201401,119635,2014-01-01,9.029999733,-0.767782711,-1.689505747,-8.25,1,-3.19036461,-5.312376159,2.184743053,5.432179131,3.451061066,unitless,PDSI,2014,"{""type"":""MultiPoint"",""coordinates"":[]}"
201402,119635,2014-02-01,8.31000042,-1.063194653,-2.09509287,-7.510000229,2,-3.346010892,-5.034359759,1.656448586,4.780477689,3.184565868,unitless,PDSI,2014,"{""type"":""MultiPoint"",""coordinates"":[]}"
201403,119635,2014-03-01,7.159999847,-0.801828178,-1.468951062,-6.289999962,3,-2.784880513,-4.28493159,1.464800034,3.847152685,2.61699834,unitless,PDSI,2014,"{""type"":""MultiPoint"",""coordinates"":[]}"
201404,119635,2014-04-01,6.889999866,-0.18089003,-0.845009778,-5.949999809,4,-1.969313517,-3.904449969,1.780550411,4.156329934,2.499741953,unitless,PDSI,2014,"{""type"":""MultiPoint"",""coordinates"":[]}"
201405,119635,2014-05-01,5.840000153,-0.259183859,-0.721069368,-5.449999809,5,-2.095475146,-4.033876739,1.7797367,3.155005172,2.339542802,unitless,PDSI,2014,"{""type"":""MultiPoint"",""coordinates"":[]}"
201406,119635,2014-06-01,6.710000038,0.574034826,1.343845948,-5.210000038,6,-1.596248784,-3.59475754,2.278803823,4.404450947,2.514182901,unitless,PDSI,2014,"{""type"":""MultiPoint"",""coordinates"":[]}"
201407,119635,2014-07-01,6.440000057,0.608337012,1.154800253,-5.170000076,7,-1.470097936,-3.406633422,2.279931125,4.2144981,2.374258104,unitless,PDSI,2014,"{""type"":""MultiPoint"",""coordinates"":[]}"
201408,119635,2014-08-01,4.5,-0.143203511,-0.100861244,-5.599999905,8,-1.655994809,-3.468958363,1.529792892,2.843391964,2.012829807,unitless,PDSI,2014,"{""type"":""MultiPoint"",""coordinates"":[]}"
201409,119635,2014-09-01,3.779999971,-0.293321434,-0.595108444,-5.599999905,9,-1.72151137,-3.533789777,1.404003208,2.464924293,1.97379777,unitless,PDSI,2014,"{""type"":""MultiPoint"",""coordinates"":[]}"
201410,119635,2014-10-01,3.670000076,-0.226247614,-0.720399384,-5.179999828,10,-1.404241261,-3.034350617,1.279469817,2.279369223,1.689218341,unitless,PDSI,2014,"{""type"":""MultiPoint"",""coordinates"":[]}"
201411,119635,2014-11-01,3.75,0.179309491,0.71373852,-5.329999924,11,-1.095158502,-2.970746103,1.464769093,2.463895359,1.70062044,unitless,PDSI,2014,"{""type"":""MultiPoint"",""coordinates"":[]}"
201412,119635,2014-12-01,3.25,-0.178803898,-0.419811189,-4.550000191,12,-1.330332587,-2.670044521,1.140022092,2.139715295,1.535011602,unitless,PDSI,2014,"{""type"":""MultiPoint"",""coordinates"":[]}"
201501,119635,2015-01-01,3.569999933,0.031030168,0.333346779,-4.320000172,1,-1.420231887,-2.549730488,1.580034556,2.449819868,1.705294301,unitless,PDSI,2015,"{""type"":""MultiPoint"",""coordinates"":[]}"
201502,119635,2015-02-01,4.5,0.281349021,0.40425287,-4.489999771,2,-1.536098495,-2.844922771,2.155424073,3.404593635,2.089579847,unitless,PDSI,2015,"{""type"":""MultiPoint"",""coordinates"":[]}"
201503,119635,2015-03-01,4.329999924,0.229425268,0.152573974,-4.869999886,3,-1.468693958,-2.595597014,1.904054167,3.154857234,1.959881334,unitless,PDSI,2015,"{""type"":""MultiPoint"",""coordinates"":[]}"
201504,119635,2015-04-01,3.700000048,0.085533087,0.654448005,-4.929999828,4,-1.654413677,-2.719096274,1.713803324,2.463667298,1.850600506,unitless,PDSI,2015,"{""type"":""MultiPoint"",""coordinates"":[]}"
201505,119635,2015-05-01,2.99000001,-1.916435826,-1.969684586,-6.480000019,5,-2.785251162,-3.784027176,-1.47106357,0.964085054,1.38010781,unitless,PDSI,2015,"{""type"":""MultiPoint"",""coordinates"":[]}"
201506,119635,2015-06-01,2.75999999,-3.036530146,-2.784837351,-8.029999733,6,-3.844357973,-5.035008322,-2.285512083,-1.595634189,1.157641233,unitless,PDSI,2015,"{""type"":""MultiPoint"",""coordinates"":[]}"
201507,119635,2015-07-01,2.450000048,-3.00842903,-2.784883702,-8.489999771,7,-4.535115278,-5.656160752,-1.905144832,-0.655363392,1.715775137,unitless,PDSI,2015,"{""type"":""MultiPoint"",""coordinates"":[]}"
201508,119635,2015-08-01,3.230000019,-2.272089402,-2.094170926,-8.710000038,8,-4.034806949,-5.655951631,-1.220500326,1.904749972,2.246508773,unitless,PDSI,2015,"{""type"":""MultiPoint"",""coordinates"":[]}"
201509,119635,2015-09-01,4.099999905,-2.05100589,-2.656922477,-7.460000038,9,-3.470089794,-4.968724516,-1.345278893,2.27802263,2.221872853,unitless,PDSI,2015,"{""type"":""MultiPoint"",""coordinates"":[]}"
201510,119635,2015-10-01,4.539999962,-2.088499188,-2.785820957,-6.909999847,10,-3.404810952,-4.654884128,-1.285993703,2.028470122,2.067165999,unitless,PDSI,2015,"{""type"":""MultiPoint"",""coordinates"":[]}"
201511,119635,2015-11-01,4.489999771,-2.08321526,-2.595193787,-7.539999962,11,-3.469478012,-4.906543878,-1.036068839,1.716368319,2.038735265,unitless,PDSI,2015,"{""type"":""MultiPoint"",""coordinates"":[]}"
201512,119635,2015-12-01,3.690000057,-2.314932968,-2.405316028,-7.800000191,12,-3.28456542,-4.904671031,-1.469968797,0.965037923,1.626675283,unitless,PDSI,2015,"{""type"":""MultiPoint"",""coordinates"":[]}"
201601,119635,2016-01-01,3.400000095,-2.377103757,-2.5,-7.5,1,-3.400000095,-5,-1.399999976,1.100000024,1.696981638,unitless,PDSI,2016,"{""type"":""MultiPoint"",""coordinates"":[]}"
201602,119635,2016-02-01,3.299999952,-1.943630692,-2.200000048,-6.900000095,2,-3.200000048,-4.599999905,-1,1.399999976,1.845746527,unitless,PDSI,2016,"{""type"":""MultiPoint"",""coordinates"":[]}"
201603,119635,2016-03-01,3.099999905,-1.887059613,-2,-6.800000191,3,-2.900000095,-4.300000191,-1,1.5,1.625519102,unitless,PDSI,2016,"{""type"":""MultiPoint"",""coordinates"":[]}"
201604,119635,2016-04-01,2.400000095,-2.089398099,-2.200000048,-6.800000191,4,-3.200000048,-4.599999905,-1.200000048,1,1.635025807,unitless,PDSI,2016,"{""type"":""MultiPoint"",""coordinates"":[]}"
201605,119635,2016-05-01,1.700000048,-2.383115375,-2.400000095,-7.300000191,5,-3.099999905,-4.599999905,-1.600000024,0.600000024,1.394362963,unitless,PDSI,2016,"{""type"":""MultiPoint"",""coordinates"":[]}"
201606,119635,2016-06-01,1.799999952,-2.323827115,-2.200000048,-7,6,-3.099999905,-4.699999809,-1.5,-0.300000012,1.327811386,unitless,PDSI,2016,"{""type"":""MultiPoint"",""coordinates"":[]}"
201607,119635,2016-07-01,3.299999952,-2.137785275,-2,-6.400000095,7,-2.900000095,-4.099999905,-1.399999976,-0.600000024,1.205816351,unitless,PDSI,2016,"{""type"":""MultiPoint"",""coordinates"":[]}"
201608,119635,2016-08-01,3.900000095,-1.920922964,-1.899999976,-6,8,-3,-4,-1.200000048,1.600000024,1.481676611,unitless,PDSI,2016,"{""type"":""MultiPoint"",""coordinates"":[]}"
201609,119635,2016-09-01,4.699999809,-1.405378397,-1.700000048,-5.400000095,9,-2.799999952,-3.900000095,-0.899999976,3,1.993033447,unitless,PDSI,2016,"{""type"":""MultiPoint"",""coordinates"":[]}"
201610,119635,2016-10-01,5.099999905,-0.982647758,-1.399999976,-5.400000095,10,-2.299999952,-3.5,-0.600000024,3.200000048,1.990085916,unitless,PDSI,2016,"{""type"":""MultiPoint"",""coordinates"":[]}"
201611,119635,2016-11-01,5.099999905,-0.894655647,-1.399999976,-4.699999809,11,-2.099999905,-3,-0.200000003,2.900000095,1.810707007,unitless,PDSI,2016,"{""type"":""MultiPoint"",""coordinates"":[]}"
201612,119635,2016-12-01,4.199999809,-0.964542217,-1.399999976,-5.199999809,12,-2.299999952,-3.299999952,-0.100000001,2.799999952,1.852443161,unitless,PDSI,2016,"{""type"":""MultiPoint"",""coordinates"":[]}"
201701,119635,2017-01-01,4.300000191,-0.980404467,-1.5,-4.699999809,1,-2.400000095,-3.299999952,0,2.799999952,1.863265296,unitless,PDSI,2017,"{""type"":""MultiPoint"",""coordinates"":[]}"
201702,119635,2017-02-01,4.300000191,-0.654477244,-1,-5.5,2,-2.200000048,-3.599999905,1,2.900000095,2.033406134,unitless,PDSI,2017,"{""type"":""MultiPoint"",""coordinates"":[]}"
201703,119635,2017-03-01,5,0.196238163,0,-4.5,3,-1.5,-2.799999952,2,3.700000048,2.091313621,unitless,PDSI,2017,"{""type"":""MultiPoint"",""coordinates"":[]}"
201704,119635,2017-04-01,5.699999809,0.302974134,0.100000001,-4.900000095,4,-1.5,-3.200000048,2.099999905,4.099999905,2.256516866,unitless,PDSI,2017,"{""type"":""MultiPoint"",""coordinates"":[]}"
201705,119635,2017-05-01,5.5,0.200588287,-0.100000001,-5,5,-1.399999976,-2.799999952,1.899999976,3.400000095,1.977911062,unitless,PDSI,2017,"{""type"":""MultiPoint"",""coordinates"":[]}"
201706,119635,2017-06-01,5.400000095,0.557749051,0.400000006,-5.400000095,6,-1.100000024,-2.200000048,2.200000048,4.099999905,2.044704496,unitless,PDSI,2017,"{""type"":""MultiPoint"",""coordinates"":[]}"
201707,119635,2017-07-01,6.599999905,0.219235679,-0.5,-5.699999809,7,-1.299999952,-2.400000095,1.399999976,5.099999905,2.214542631,unitless,PDSI,2017,"{""type"":""MultiPoint"",""coordinates"":[]}"
201708,119635,2017-08-01,5.199999809,-0.405357963,-0.899999976,-4.400000095,8,-1.799999952,-3.099999905,1.100000024,3.700000048,2.013121281,unitless,PDSI,2017,"{""type"":""MultiPoint"",""coordinates"":[]}"
201709,119635,2017-09-01,3.599999905,-0.789969,-1.299999952,-4.800000191,9,-1.899999976,-3.200000048,0.699999988,2.400000095,1.735682209,unitless,PDSI,2017,"{""type"":""MultiPoint"",""coordinates"":[]}"
201710,119635,2017-10-01,3.799999952,-0.867509162,-1.299999952,-4.300000191,10,-1.899999976,-2.900000095,0.5,2.200000048,1.552379027,unitless,PDSI,2017,"{""type"":""MultiPoint"",""coordinates"":[]}"
201711,119635,2017-11-01,5.099999905,-0.642484017,-1.200000048,-4.099999905,11,-1.700000048,-2.700000048,0.300000012,3.099999905,1.75683471,unitless,PDSI,2017,"{""type"":""MultiPoint"",""coordinates"":[]}"
201712,119635,2017-12-01,5.099999905,-0.81413402,-1.299999952,-4.5,12,-2.099999905,-3.200000048,0.100000001,3,1.861622399,unitless,PDSI,2017,"{""type"":""MultiPoint"",""coordinates"":[]}"
201801,119635,2018-01-01,5.599999905,-0.492631468,-1.100000024,-4.800000191,1,-1.899999976,-3,0.899999976,3.5,1.972770227,unitless,PDSI,2018,"{""type"":""MultiPoint"",""coordinates"":[]}"
201802,119635,2018-02-01,5.599999905,-0.394254912,-1,-4.599999905,2,-1.700000048,-2.700000048,0.800000012,3.599999905,1.894721912,unitless,PDSI,2018,"{""type"":""MultiPoint"",""coordinates"":[]}"
201803,119635,2018-03-01,6.099999905,-0.353441036,-1,-4.300000191,3,-1.799999952,-2.599999905,0.800000012,4.099999905,2.021015532,unitless,PDSI,2018,"{""type"":""MultiPoint"",""coordinates"":[]}"
201804,119635,2018-04-01,5.599999905,-0.105074919,-0.699999988,-3.799999952,4,-1.600000024,-2.5,1.100000024,3.799999952,1.918187806,unitless,PDSI,2018,"{""type"":""MultiPoint"",""coordinates"":[]}"
201805,119635,2018-05-01,4.300000191,-0.582386018,-0.899999976,-4.099999905,5,-1.700000048,-3.099999905,0.699999988,2.799999952,1.702374565,unitless,PDSI,2018,"{""type"":""MultiPoint"",""coordinates"":[]}"
201806,119635,2018-06-01,4.699999809,-0.518664473,-0.899999976,-4.199999809,6,-1.799999952,-2.900000095,0.800000012,3,1.765803253,unitless,PDSI,2018,"{""type"":""MultiPoint"",""coordinates"":[]}"
201807,119635,2018-07-01,3.900000095,-1.331457138,-1.399999976,-5,7,-2.299999952,-3.599999905,-0.600000024,1.399999976,1.4645761,unitless,PDSI,2018,"{""type"":""MultiPoint"",""coordinates"":[]}"
201808,119635,2018-08-01,3.099999905,-1.605370061,-1.600000024,-6,8,-2.700000048,-4.300000191,-0.699999988,1.200000048,1.600874823,unitless,PDSI,2018,"{""type"":""MultiPoint"",""coordinates"":[]}"
201809,119635,2018-09-01,2.799999952,-1.762481414,-1.700000048,-6.099999905,9,-2.599999905,-3.799999952,-1,0.300000012,1.233640469,unitless,PDSI,2018,"{""type"":""MultiPoint"",""coordinates"":[]}"
201810,119635,2018-10-01,2.400000095,-1.87555887,-1.700000048,-6.400000095,10,-2.900000095,-4.099999905,-1,0.200000003,1.363393498,unitless,PDSI,2018,"{""type"":""MultiPoint"",""coordinates"":[]}"
201811,119635,2018-11-01,3.099999905,-1.770806474,-1.600000024,-6.699999809,11,-2.700000048,-4,-0.899999976,0.100000001,1.35326684,unitless,PDSI,2018,"{""type"":""MultiPoint"",""coordinates"":[]}"
201812,119635,2018-12-01,2.900000095,-1.496071008,-1.5,-6.5,12,-2.099999905,-3.5,-0.800000012,0.100000001,1.138190489,unitless,PDSI,2018,"{""type"":""MultiPoint"",""coordinates"":[]}"
201901,119635,2019-01-01,2.700000048,-1.342077852,-1.399999976,-5.599999905,1,-2,-3.099999905,-0.699999988,0.600000024,1.128227515,unitless,PDSI,2019,"{""type"":""MultiPoint"",""coordinates"":[]}"
201902,119635,2019-02-01,2,-1.806485441,-1.700000048,-6,2,-2.700000048,-3.700000048,-0.899999976,-0.100000001,1.153520565,unitless,PDSI,2019,"{""type"":""MultiPoint"",""coordinates"":[]}"
201903,119635,2019-03-01,1.600000024,-2.409323291,-2.200000048,-6.5,3,-3.299999952,-4.400000095,-1.399999976,-0.800000012,1.194060804,unitless,PDSI,2019,"{""type"":""MultiPoint"",""coordinates"":[]}"
201904,119635,2019-04-01,2.200000048,-2.38457398,-2.400000095,-6.199999809,4,-3.099999905,-4.099999905,-1.700000048,-0.699999988,1.110645662,unitless,PDSI,2019,"{""type"":""MultiPoint"",""coordinates"":[]}"
201905,119635,2019-05-01,2,-3.116856745,-3.299999952,-7.400000095,5,-4,-4.800000191,-2.299999952,-0.800000012,1.295487491,unitless,PDSI,2019,"{""type"":""MultiPoint"",""coordinates"":[]}"
201906,119635,2019-06-01,4.300000191,-2.59690892,-3.099999905,-6.599999905,6,-3.900000095,-4.800000191,-1.899999976,2.200000048,1.993481541,unitless,PDSI,2019,"{""type"":""MultiPoint"",""coordinates"":[]}"
201907,119635,2019-07-01,6.099999905,-1.433036709,-2.400000095,-6.300000191,7,-3.299999952,-4.400000095,-0.800000012,4.300000191,2.710440228,unitless,PDSI,2019,"{""type"":""MultiPoint"",""coordinates"":[]}"
201908,119635,2019-08-01,7.199999809,-0.32065725,-1.5,-5.300000191,8,-2.799999952,-3.900000095,2.5,5.699999809,3.089080363,unitless,PDSI,2019,"{""type"":""MultiPoint"",""coordinates"":[]}"
201909,119635,2019-09-01,8.399999619,0.417474152,-0.899999976,-6.400000095,9,-2.400000095,-3.799999952,2.900000095,6.400000095,3.318186803,unitless,PDSI,2019,"{""type"":""MultiPoint"",""coordinates"":[]}"
201910,119635,2019-10-01,9.300000191,0.694537892,1.05603664,-7.099999905,10,-2.451825278,-3.943785724,3.200000048,7.049180637,3.576620403,unitless,PDSI,2019,"{""type"":""MultiPoint"",""coordinates"":[]}"
201911,119635,2019-11-01,11,1.267826504,1.551157773,-6.099999905,11,-2.200000048,-3.799999952,4.047982201,8.0493889,3.781625901,unitless,PDSI,2019,"{""type"":""MultiPoint"",""coordinates"":[]}"
201912,119635,2019-12-01,10.39999962,1.256910892,1.700000048,-5.599999905,12,-2.099999905,-3.700000048,3.548528613,7.900000095,3.581858135,unitless,PDSI,2019,"{""type"":""MultiPoint"",""coordinates"":[]}"
202001,119635,2020-01-01,9.770000458,1.653870094,1.965540873,-5.650000095,1,-1.219799496,-3.153471166,3.530868138,7.406042065,3.161976726,unitless,PDSI,2020,"{""type"":""MultiPoint"",""coordinates"":[]}"
202002,119635,2020-02-01,9.31000042,1.914938278,2.214802304,-5.360000134,2,-0.845821765,-2.969466699,3.465349774,7.094006066,2.973210125,unitless,PDSI,2020,"{""type"":""MultiPoint"",""coordinates"":[]}"
202003,119635,2020-03-01,9.319999695,1.871011836,2.03063976,-5.059999943,3,-0.720841801,-2.96891744,3.344809663,7.153949643,2.976081239,unitless,PDSI,2020,"{""type"":""MultiPoint"",""coordinates"":[]}"
202004,119635,2020-04-01,8.75,1.521383611,1.65490397,-6.409999847,4,-1.095462937,-3.095626421,3.029573348,6.777603825,2.940639331,unitless,PDSI,2020,"{""type"":""MultiPoint"",""coordinates"":[]}"
202005,119635,2020-05-01,9.149999619,1.291748927,1.214666488,-6.269999981,5,-1.405552776,-2.844124171,2.904907925,7.34535815,3.060534592,unitless,PDSI,2020,"{""type"":""MultiPoint"",""coordinates"":[]}"
202006,119635,2020-06-01,10.14999962,2.143123442,1.93586208,-5.860000134,6,0.567860575,-2.061388177,3.558468449,7.813353793,2.873165482,unitless,PDSI,2020,"{""type"":""MultiPoint"",""coordinates"":[]}"
202007,119635,2020-07-01,11.03999996,3.039460142,2.686043405,-5.929999828,7,1.434869517,-1.812718192,4.558191407,8.560178712,2.926176131,unitless,PDSI,2020,"{""type"":""MultiPoint"",""coordinates"":[]}"
202008,119635,2020-08-01,10.81000042,3.778055573,4.06026623,-6.340000153,8,2.433379794,-1.4392352,5.560318363,8.059921199,2.761949782,unitless,PDSI,2020,"{""type"":""MultiPoint"",""coordinates"":[]}"
202009,119635,2020-09-01,9.479999542,3.237266044,3.529225779,-5.760000229,9,1.779830247,-1.784944258,4.905072609,7.154013881,2.59123852,unitless,PDSI,2020,"{""type"":""MultiPoint"",""coordinates"":[]}"
202010,119635,2020-10-01,12.10999966,3.394295667,3.309838261,-4.920000076,10,1.68758886,-1.311277327,5.18365685,7.683400926,2.657061618,unitless,PDSI,2020,"{""type"":""MultiPoint"",""coordinates"":[]}"
202011,119635,2020-11-01,12.77999973,3.86780061,4.060450292,-4.889999866,11,2.311349014,-1.190835591,5.68495862,7.810492004,2.624599178,unitless,PDSI,2020,"{""type"":""MultiPoint"",""coordinates"":[]}"
202012,119635,2020-12-01,11.63000011,3.877426245,4.060734937,-5.150000095,12,2.5613743,-0.813494942,5.434620075,7.309662557,2.359586294,unitless,PDSI,2020,"{""type"":""MultiPoint"",""coordinates"":[]}"
202101,119635,2021-01-01,10.67000008,3.664239052,3.713832437,-4,1,2.656542494,-0.285395695,4.905263063,6.844417003,2.022243572,unitless,PDSI,2021,"{""type"":""MultiPoint"",""coordinates"":[]}"
202102,119635,2021-02-01,11.31999969,3.502519979,3.595852942,-3.950000048,2,2.465434762,-0.344545459,4.714795457,6.528552379,1.991682722,unitless,PDSI,2021,"{""type"":""MultiPoint"",""coordinates"":[]}"
202103,119635,2021-03-01,10.44999981,3.502844894,3.906108975,-4.559999943,3,2.530992337,-0.967774266,4.845440626,6.344299299,2.121323754,unitless,PDSI,2021,"{""type"":""MultiPoint"",""coordinates"":[]}"
202104,119635,2021-04-01,9.520000458,2.856888336,3.404399276,-5.769999981,4,1.905909041,-1.972533465,4.405089781,5.715581744,2.30521702,unitless,PDSI,2021,"{""type"":""MultiPoint"",""coordinates"":[]}"
202105,119635,2021-05-01,9.180000305,2.398508146,3.030745516,-6.210000038,5,1.530478156,-2.404289378,3.904847054,5.155098394,2.290485022,unitless,PDSI,2021,"{""type"":""MultiPoint"",""coordinates"":[]}"
202106,119635,2021-06-01,7.590000153,1.555220647,2.15511257,-7.329999924,6,0.715055083,-3.094893606,3.345809648,4.529642536,2.440322975,unitless,PDSI,2021,"{""type"":""MultiPoint"",""coordinates"":[]}"
202107,119635,2021-07-01,6.46999979,0.395752451,1.215389855,-7.900000095,7,-2.156313221,-4.094912577,2.464843512,4.030530048,2.688067475,unitless,PDSI,2021,"{""type"":""MultiPoint"",""coordinates"":[]}"
202108,119635,2021-08-01,7.090000153,0.336553795,1.094865279,-6.789999962,8,-2.15460977,-4.035054787,2.464966732,4.153752472,2.738469654,unitless,PDSI,2021,"{""type"":""MultiPoint"",""coordinates"":[]}"
202109,119635,2021-09-01,8.640000343,0.878122097,1.464882039,-5.980000019,9,-1.786051913,-3.40513024,3.095242628,4.904279633,2.740362271,unitless,PDSI,2021,"{""type"":""MultiPoint"",""coordinates"":[]}"
202110,119635,2021-10-01,7.659999847,0.746291113,1.404306598,-4.579999924,10,-1.785182567,-2.904950532,2.84443409,4.029632256,2.454548358,unitless,PDSI,2021,"{""type"":""MultiPoint"",""coordinates"":[]}"
202111,119635,2021-11-01,7.599999905,1.476006981,2.0301554,-4.25,11,-1.220088027,-2.534497912,3.530103553,4.845116588,2.501327322,unitless,PDSI,2021,"{""type"":""MultiPoint"",""coordinates"":[]}"
202112,119635,2021-12-01,6.840000153,1.066544916,1.655485032,-3.99000001,12,-1.095835777,-2.405999172,2.595170586,3.904673137,2.098897777,unitless,PDSI,2021,"{""type"":""MultiPoint"",""coordinates"":[]}"
202201,119635,2022-01-01,6.579999924,1.438064483,1.845607285,-4.070000172,1,0.407150835,-2.095209084,2.905430096,3.964806128,1.955506042,unitless,PDSI,2022,"{""type"":""MultiPoint"",""coordinates"":[]}"
202202,119635,2022-02-01,6.630000114,1.937118147,2.094714873,-4.099999905,2,1.031223355,-1.784839747,3.40531418,4.965848968,2.027297413,unitless,PDSI,2022,"{""type"":""MultiPoint"",""coordinates"":[]}"
202203,119635,2022-03-01,6.230000019,1.717418236,1.904158101,-4.539999962,3,0.845967128,-1.969961648,3.154191473,4.653275433,2.011202247,unitless,PDSI,2022,"{""type"":""MultiPoint"",""coordinates"":[]}"
202204,119635,2022-04-01,5.989999771,1.965496353,2.15502263,-4.460000038,4,1.280273121,-1.344331098,3.030159334,4.464807379,1.671863051,unitless,PDSI,2022,"{""type"":""MultiPoint"",""coordinates"":[]}"
202205,119635,2022-05-01,7.21999979,2.337692388,2.465473673,-4.130000114,5,1.530553714,-1.220663067,3.403997154,4.713711575,1.65891587,unitless,PDSI,2022,"{""type"":""MultiPoint"",""coordinates"":[]}"
202206,119635,2022-06-01,7.699999809,2.718587768,2.845372102,-3.210000038,6,1.84524245,-1.219793636,3.845058652,5.095291403,1.724553662,unitless,PDSI,2022,"{""type"":""MultiPoint"",""coordinates"":[]}"
202207,119635,2022-07-01,7.170000076,2.364664607,2.529850412,-3.170000076,7,1.655493882,-1.284929856,3.40453122,4.529636286,1.548736406,unitless,PDSI,2022,"{""type"":""MultiPoint"",""coordinates"":[]}"
202208,119635,2022-08-01,6.170000076,1.80130734,2.029667628,-3.680000067,8,1.215367924,-1.284091873,2.714905109,3.84442697,1.460010626,unitless,PDSI,2022,"{""type"":""MultiPoint"",""coordinates"":[]}"
202209,119635,2022-09-01,4.360000134,0.262501973,0.965086817,-4.320000172,9,-1.720950908,-2.595535206,1.714777733,2.594068318,1.834766966,unitless,PDSI,2022,"{""type"":""MultiPoint"",""coordinates"":[]}"
202210,119635,2022-10-01,5.429999828,-1.226059047,-2.285150062,-5.400000095,10,-2.844912556,-3.654585583,0.90483228,2.279586217,2.13157957,unitless,PDSI,2022,"{""type"":""MultiPoint"",""coordinates"":[]}"
202211,119635,2022-11-01,5.230000019,-1.992164535,-2.72033885,-6.389999866,11,-3.344035848,-4.344860154,-1.471779759,2.028207357,2.084132963,unitless,PDSI,2022,"{""type"":""MultiPoint"",""coordinates"":[]}"
202212,119635,2022-12-01,4.230000019,-2.617547636,-2.905104478,-7.019999981,12,-3.654338305,-4.904601523,-2.0351339,1.214056824,1.729739332,unitless,PDSI,2022,"{""type"":""MultiPoint"",""coordinates"":[]}"
202301,119635,2023-01-01,4.739999771,-2.840825641,-3.155484612,-8,1,-3.845342334,-5.093583644,-2.21943112,1.213511189,1.780518015,unitless,PDSI,2023,"{""type"":""MultiPoint"",""coordinates"":[]}"
202302,119635,2023-02-01,4.559999943,-2.089063688,-2.284799892,-8.260000229,2,-3.094769252,-4.470763821,-1.405210524,1.278242345,1.660638923,unitless,PDSI,2023,"{""type"":""MultiPoint"",""coordinates"":[]}"
202303,119635,2023-03-01,3.700000048,-2.469337418,-2.595088136,-8.850000381,3,-3.404606675,-4.593702442,-1.844682512,0.844474063,1.490360723,unitless,PDSI,2023,"{""type"":""MultiPoint"",""coordinates"":[]}"
202304,119635,2023-04-01,3.349999905,-2.062890644,-2.220169235,-8.760000229,4,-2.904255691,-4.34550819,-1.471106496,1.031420957,1.502160412,unitless,PDSI,2023,"{""type"":""MultiPoint"",""coordinates"":[]}"
202305,119635,2023-05-01,3.789999962,-2.730431154,-2.655114336,-10.09000015,5,-3.595280974,-6.092495534,-1.90487504,0.905314002,1.821518103,unitless,PDSI,2023,"{""type"":""MultiPoint"",""coordinates"":[]}"
202306,119635,2023-06-01,3.5,-2.974188292,-3.094321926,-10.81000042,6,-4.469880015,-6.847001155,-1.654935554,1.655093644,2.353222468,unitless,PDSI,2023,"{""type"":""MultiPoint"",""coordinates"":[]}"
202307,119635,2023-07-01,4.829999924,-3.055714985,-3.155418301,-9.390000343,7,-4.469480681,-6.971837703,-1.844746877,1.712604687,2.274911324,unitless,PDSI,2023,"{""type"":""MultiPoint"",""coordinates"":[]}"
202308,119635,2023-08-01,6.760000229,-2.942863292,-3.314946734,-9.270000458,8,-4.564847744,-6.565234835,-1.687351519,2.560252372,2.591805155,unitless,PDSI,2023,"{""type"":""MultiPoint"",""coordinates"":[]}"
202309,119635,2023-09-01,6.360000134,-3.104078865,-3.470542699,-8.880000114,9,-4.844358618,-6.719264264,-1.7851617,1.84633236,2.644034323,unitless,PDSI,2023,"{""type"":""MultiPoint"",""coordinates"":[]}"
202310,119635,2023-10-01,5.559999943,-3.640511992,-4.034831282,-9.270000458,10,-5.593579582,-7.343897575,-2.153690979,1.403412046,2.713159012,unitless,PDSI,2023,"{""type"":""MultiPoint"",""coordinates"":[]}"
202311,119635,2023-11-01,4.440000057,-3.712906687,-4.219957954,-9.859999657,11,-5.719100317,-7.534842191,-2.219538929,1.715327306,2.776791096,unitless,PDSI,2023,"{""type"":""MultiPoint"",""coordinates"":[]}"
202312,119635,2023-12-01,4.889999866,-3.57820596,-4.035535247,-10.10000038,12,-5.595534627,-7.720515798,-2.534909097,2.714644239,3.011770246,unitless,PDSI,2023,"{""type"":""MultiPoint"",""coordinates"":[]}"
202401,119635,2024-01-01,5.340000153,-3.647168152,-3.970521465,-9.569999695,1,-5.535116422,-7.720404151,-2.785258121,2.778659766,2.918936841,unitless,PDSI,2024,"{""type"":""MultiPoint"",""coordinates"":[]}"
202402,119635,2024-02-01,4.420000076,-3.842138133,-4.154590791,-10.06999969,2,-5.595361063,-7.720972161,-2.78411441,2.093410441,2.694364392,unitless,PDSI,2024,"{""type"":""MultiPoint"",""coordinates"":[]}"
202403,119635,2024-03-01,4.349999905,-4.090710944,-4.405662263,-10.89999962,3,-5.785022956,-7.845211693,-2.785052472,1.402448953,2.598906234,unitless,PDSI,2024,"{""type"":""MultiPoint"",""coordinates"":[]}"
202404,119635,2024-04-01,3.019999981,-4.079155991,-4.095258319,-11.81000042,4,-5.655409643,-7.785032817,-2.65488001,0.844833333,2.403067599,unitless,PDSI,2024,"{""type"":""MultiPoint"",""coordinates"":[]}"
202405,119635,2024-05-01,3.5,-3.855159973,-3.720393939,-11.97999954,5,-5.594784869,-8.406476234,-2.218997924,1.282758498,2.668395086,unitless,PDSI,2024,"{""type"":""MultiPoint"",""coordinates"":[]}"
202406,119635,2024-06-01,3.440000057,-3.25006967,-2.904259172,-12.10999966,6,-4.595196104,-7.905052599,-1.785960969,1.030766893,2.498536713,unitless,PDSI,2024,"{""type"":""MultiPoint"",""coordinates"":[]}"
202407,119635,2024-07-01,5.760000229,-3.177976774,-3.06465414,-11.75,7,-4.688248489,-8.185225929,-1.817666872,2.054395718,2.891047717,unitless,PDSI,2024,"{""type"":""MultiPoint"",""coordinates"":[]}"
202408,119635,2024-08-01,6.300000191,-3.155408056,-3.064416701,-11.64000034,8,-4.688684175,-8.065589814,-1.689684719,1.809565213,2.903962545,unitless,PDSI,2024,"{""type"":""MultiPoint"",""coordinates"":[]}"
202409,119635,2024-09-01,5.340000153,-3.040430261,-2.93919821,-11.80000019,9,-4.314669662,-7.941152471,-1.690311322,1.560165971,2.675627798,unitless,PDSI,2024,"{""type"":""MultiPoint"",""coordinates"":[]}"
202410,119635,2024-10-01,4.829999924,-2.619022472,-2.534933377,-11.10999966,10,-3.845433139,-7.283952193,-1.284445059,1.655799344,2.561429361,unitless,PDSI,2024,"{""type"":""MultiPoint"",""coordinates"":[]}"
202411,119635,2024-11-01,4.670000076,-2.319296078,-2.155327608,-10.38000011,11,-3.154874631,-6.843757618,-1.219603365,1.530084288,2.295241115,unitless,PDSI,2024,"{""type"":""MultiPoint"",""coordinates"":[]}"
202412,119635,2024-12-01,4.010000229,-2.096166055,-1.970091726,-9.960000038,12,-2.904475966,-6.346387459,-1.15507772,1.465194478,2.138342729,unitless,PDSI,2024,"{""type"":""MultiPoint"",""coordinates"":[]}"
